matrix,mode,opt_level,schedule,chunk_size,num_threads,elapsed_time,L1_miss_rate,LLC_miss_rate
Andrews.mtx,sequential,-O3,none,none,1,1.07799,1.02,24.974
bcsstk27.mtx,sequential,-O3,none,none,1,0.03412,0.23,55.754
Hook_1498.mtx,sequential,-O3,none,none,1,43.8935,0.26,50.776
msdoor.mtx,sequential,-O3,none,none,1,20.19517,0.25,41.352
tmt_sym.mtx,sequential,-O3,none,none,1,8.94742,0.23,57.55
Andrews.mtx,parallel,-O3,static,1,1,1.0797,1.0,27.527
Andrews.mtx,parallel,-O3,static,1,2,1.58093,1.04,21.311
Andrews.mtx,parallel,-O3,static,1,4,2.19977,1.111,37.314
Andrews.mtx,parallel,-O3,static,1,8,1.78978,1.19,34.615
Andrews.mtx,parallel,-O3,static,1,16,2.30567,1.211,36.812
Andrews.mtx,parallel,-O3,static,1,32,6.03452,1.21,36.701
Andrews.mtx,parallel,-O3,static,1,64,20.0408,1.13,32.983
Andrews.mtx,parallel,-O3,static,10,1,1.04594,1.0,26.954
Andrews.mtx,parallel,-O3,static,10,2,0.96178,1.03,21.514
Andrews.mtx,parallel,-O3,static,10,4,1.46263,1.03,38.606
Andrews.mtx,parallel,-O3,static,10,8,1.30413,1.04,36.193
Andrews.mtx,parallel,-O3,static,10,16,2.91758,1.05,34.753
Andrews.mtx,parallel,-O3,static,10,32,6.56054,1.05,29.271
Andrews.mtx,parallel,-O3,static,10,64,15.71956,0.903,24.631
Andrews.mtx,parallel,-O3,static,100,1,1.03903,1.0,27.035
Andrews.mtx,parallel,-O3,static,100,2,0.81732,1.01,26.089
Andrews.mtx,parallel,-O3,static,100,4,1.13366,1.01,38.542
Andrews.mtx,parallel,-O3,static,100,8,1.02508,1.01,34.241
Andrews.mtx,parallel,-O3,static,100,16,1.47593,1.01,29.397
Andrews.mtx,parallel,-O3,static,100,32,1.94159,1.01,24.727
Andrews.mtx,parallel,-O3,static,100,64,10.63414,0.87,21.28
Andrews.mtx,parallel,-O3,static,1000,1,1.03924,1.0,29.939
Andrews.mtx,parallel,-O3,static,1000,2,0.78077,1.0,27.535
Andrews.mtx,parallel,-O3,static,1000,4,1.01318,1.0,38.376
Andrews.mtx,parallel,-O3,static,1000,8,0.83725,1.0,32.854
Andrews.mtx,parallel,-O3,static,1000,16,0.91653,1.0,30.284
Andrews.mtx,parallel,-O3,static,1000,32,1.3921,0.99,25.489
Andrews.mtx,parallel,-O3,static,1000,64,10.39541,0.864,23.721
Andrews.mtx,parallel,-O3,static,10000,1,1.08442,1.0,27.541
Andrews.mtx,parallel,-O3,static,10000,2,0.77298,1.0,26.845
Andrews.mtx,parallel,-O3,static,10000,4,0.85654,1.0,39.798
Andrews.mtx,parallel,-O3,static,10000,8,1.40796,1.0,43.44
Andrews.mtx,parallel,-O3,static,10000,16,1.29702,1.0,43.639
Andrews.mtx,parallel,-O3,static,10000,32,1.85595,0.99,45.289
Andrews.mtx,parallel,-O3,static,10000,64,14.70857,0.85,40.942
Andrews.mtx,parallel,-O3,dynamic,1,1,2.27754,1.0,30.171
Andrews.mtx,parallel,-O3,dynamic,1,2,4.29604,1.09,22.755
Andrews.mtx,parallel,-O3,dynamic,1,4,9.32982,1.15,47.849
Andrews.mtx,parallel,-O3,dynamic,1,8,8.04594,1.21,35.017
Andrews.mtx,parallel,-O3,dynamic,1,16,7.11086,1.24,25.367
Andrews.mtx,parallel,-O3,dynamic,1,32,6.60071,1.26,20.308
Andrews.mtx,parallel,-O3,dynamic,1,64,18.19973,1.16,19.604
Andrews.mtx,parallel,-O3,dynamic,10,1,1.18585,1.0,26.996
Andrews.mtx,parallel,-O3,dynamic,10,2,1.26011,1.021,27.882
Andrews.mtx,parallel,-O3,dynamic,10,4,2.24535,1.05,45.05
Andrews.mtx,parallel,-O3,dynamic,10,8,1.9841,1.05,39.388
Andrews.mtx,parallel,-O3,dynamic,10,16,3.13973,1.051,33.793
Andrews.mtx,parallel,-O3,dynamic,10,32,6.33502,1.051,28.384
Andrews.mtx,parallel,-O3,dynamic,10,64,18.39299,0.958,25.423
Andrews.mtx,parallel,-O3,dynamic,100,1,1.10991,1.001,27.753
Andrews.mtx,parallel,-O3,dynamic,100,2,0.83797,1.01,26.814
Andrews.mtx,parallel,-O3,dynamic,100,4,1.12419,1.01,39.963
Andrews.mtx,parallel,-O3,dynamic,100,8,1.1287,1.01,35.997
Andrews.mtx,parallel,-O3,dynamic,100,16,1.56143,1.01,28.882
Andrews.mtx,parallel,-O3,dynamic,100,32,2.06475,1.01,24.562
Andrews.mtx,parallel,-O3,dynamic,100,64,12.33926,0.86,20.843
Andrews.mtx,parallel,-O3,dynamic,1000,1,1.08817,1.0,28.836
Andrews.mtx,parallel,-O3,dynamic,1000,2,0.82672,1.0,30.551
Andrews.mtx,parallel,-O3,dynamic,1000,4,0.89808,1.0,39.396
Andrews.mtx,parallel,-O3,dynamic,1000,8,0.7935,1.0,34.768
Andrews.mtx,parallel,-O3,dynamic,1000,16,0.94507,1.0,28.493
Andrews.mtx,parallel,-O3,dynamic,1000,32,1.43299,0.99,25.186
Andrews.mtx,parallel,-O3,dynamic,1000,64,9.82549,0.871,22.873
Andrews.mtx,parallel,-O3,dynamic,10000,1,1.09816,1.0,27.172
Andrews.mtx,parallel,-O3,dynamic,10000,2,0.75898,1.0,25.504
Andrews.mtx,parallel,-O3,dynamic,10000,4,1.11001,1.0,40.225
Andrews.mtx,parallel,-O3,dynamic,10000,8,1.29197,1.0,43.94
Andrews.mtx,parallel,-O3,dynamic,10000,16,1.27213,0.991,34.154
Andrews.mtx,parallel,-O3,dynamic,10000,32,1.79963,0.99,36.266
Andrews.mtx,parallel,-O3,dynamic,10000,64,9.89881,0.86,32.401
Andrews.mtx,parallel,-O3,guided,1,1,1.08428,1.0,25.912
Andrews.mtx,parallel,-O3,guided,1,2,0.72947,1.0,23.004
Andrews.mtx,parallel,-O3,guided,1,4,0.86665,1.0,41.537
Andrews.mtx,parallel,-O3,guided,1,8,0.79358,1.0,37.53
Andrews.mtx,parallel,-O3,guided,1,16,0.90563,1.0,29.804
Andrews.mtx,parallel,-O3,guided,1,32,1.79884,1.0,25.256
Andrews.mtx,parallel,-O3,guided,1,64,10.42461,0.876,21.396
Andrews.mtx,parallel,-O3,guided,10,1,1.02541,1.0,28.033
Andrews.mtx,parallel,-O3,guided,10,2,0.73173,1.0,23.281
Andrews.mtx,parallel,-O3,guided,10,4,0.89095,1.0,42.407
Andrews.mtx,parallel,-O3,guided,10,8,0.84913,1.0,37.58
Andrews.mtx,parallel,-O3,guided,10,16,0.90423,1.0,30.345
Andrews.mtx,parallel,-O3,guided,10,32,1.50313,0.99,24.833
Andrews.mtx,parallel,-O3,guided,10,64,10.41129,0.86,22.096
Andrews.mtx,parallel,-O3,guided,100,1,1.09115,1.0,28.005
Andrews.mtx,parallel,-O3,guided,100,2,0.80621,1.0,27.801
Andrews.mtx,parallel,-O3,guided,100,4,0.88282,1.0,42.076
Andrews.mtx,parallel,-O3,guided,100,8,0.82068,1.0,38.817
Andrews.mtx,parallel,-O3,guided,100,16,0.88215,1.0,30.76
Andrews.mtx,parallel,-O3,guided,100,32,1.4111,0.99,25.387
Andrews.mtx,parallel,-O3,guided,100,64,10.63085,0.86,21.09
Andrews.mtx,parallel,-O3,guided,1000,1,1.08731,1.0,27.665
Andrews.mtx,parallel,-O3,guided,1000,2,0.71323,1.0,26.454
Andrews.mtx,parallel,-O3,guided,1000,4,0.92487,1.0,43.14
Andrews.mtx,parallel,-O3,guided,1000,8,0.78542,1.0,38.278
Andrews.mtx,parallel,-O3,guided,1000,16,0.86367,1.0,29.861
Andrews.mtx,parallel,-O3,guided,1000,32,1.35572,0.99,25.472
Andrews.mtx,parallel,-O3,guided,1000,64,10.39197,0.86,23.032
Andrews.mtx,parallel,-O3,guided,10000,1,1.07474,1.0,28.451
Andrews.mtx,parallel,-O3,guided,10000,2,0.76094,1.0,25.966
Andrews.mtx,parallel,-O3,guided,10000,4,0.96459,1.0,42.335
Andrews.mtx,parallel,-O3,guided,10000,8,1.34258,1.0,44.103
Andrews.mtx,parallel,-O3,guided,10000,16,1.37947,1.0,36.639
Andrews.mtx,parallel,-O3,guided,10000,32,2.10333,0.981,39.709
Andrews.mtx,parallel,-O3,guided,10000,64,9.86576,0.85,35.815
bcsstk27.mtx,parallel,-O3,static,1,1,0.0493,0.25,60.512
bcsstk27.mtx,parallel,-O3,static,1,2,0.18728,0.27,49.046
bcsstk27.mtx,parallel,-O3,static,1,4,0.33934,0.29,74.074
bcsstk27.mtx,parallel,-O3,static,1,8,0.42923,0.3,68.978
bcsstk27.mtx,parallel,-O3,static,1,16,0.66502,0.33,63.165
bcsstk27.mtx,parallel,-O3,static,1,32,1.17338,0.351,46.651
bcsstk27.mtx,parallel,-O3,static,1,64,9.83829,0.178,33.854
bcsstk27.mtx,parallel,-O3,static,10,1,0.05345,0.25,61.588
bcsstk27.mtx,parallel,-O3,static,10,2,0.22988,0.25,52.397
bcsstk27.mtx,parallel,-O3,static,10,4,0.2881,0.26,65.088
bcsstk27.mtx,parallel,-O3,static,10,8,0.41778,0.27,62.86
bcsstk27.mtx,parallel,-O3,static,10,16,0.64819,0.28,51.69
bcsstk27.mtx,parallel,-O3,static,10,32,1.19567,0.3,40.776
bcsstk27.mtx,parallel,-O3,static,10,64,9.80001,0.146,28.982
bcsstk27.mtx,parallel,-O3,static,100,1,0.05293,0.25,62.78
bcsstk27.mtx,parallel,-O3,static,100,2,0.17979,0.25,57.2
bcsstk27.mtx,parallel,-O3,static,100,4,0.28965,0.25,65.178
bcsstk27.mtx,parallel,-O3,static,100,8,0.41962,0.26,65.997
bcsstk27.mtx,parallel,-O3,static,100,16,0.65641,0.27,52.968
bcsstk27.mtx,parallel,-O3,static,100,32,1.20788,0.29,36.795
bcsstk27.mtx,parallel,-O3,static,100,64,9.81829,0.13,26.064
bcsstk27.mtx,parallel,-O3,static,1000,1,0.05198,0.25,61.264
bcsstk27.mtx,parallel,-O3,static,1000,2,0.17726,0.25,55.908
bcsstk27.mtx,parallel,-O3,static,1000,4,0.27533,0.25,63.469
bcsstk27.mtx,parallel,-O3,static,1000,8,0.39141,0.26,58.644
bcsstk27.mtx,parallel,-O3,static,1000,16,0.66707,0.27,45.85
bcsstk27.mtx,parallel,-O3,static,1000,32,1.22321,0.28,34.17
bcsstk27.mtx,parallel,-O3,static,1000,64,9.79748,0.131,25.092
bcsstk27.mtx,parallel,-O3,static,10000,1,0.05198,0.25,60.516
bcsstk27.mtx,parallel,-O3,static,10000,2,0.16191,0.25,55.98
bcsstk27.mtx,parallel,-O3,static,10000,4,0.27821,0.25,63.867
bcsstk27.mtx,parallel,-O3,static,10000,8,0.38297,0.26,60.55
bcsstk27.mtx,parallel,-O3,static,10000,16,0.96498,0.27,46.951
bcsstk27.mtx,parallel,-O3,static,10000,32,1.16444,0.28,34.283
bcsstk27.mtx,parallel,-O3,static,10000,64,9.79435,0.13,24.091
bcsstk27.mtx,parallel,-O3,dynamic,1,1,0.0905,0.25,61.658
bcsstk27.mtx,parallel,-O3,dynamic,1,2,0.23739,0.28,39.812
bcsstk27.mtx,parallel,-O3,dynamic,1,4,0.47219,0.31,74.602
bcsstk27.mtx,parallel,-O3,dynamic,1,8,0.59099,0.33,65.686
bcsstk27.mtx,parallel,-O3,dynamic,1,16,0.76294,0.341,50.902
bcsstk27.mtx,parallel,-O3,dynamic,1,32,2.40564,0.361,39.749
bcsstk27.mtx,parallel,-O3,dynamic,1,64,9.91538,0.172,32.244
bcsstk27.mtx,parallel,-O3,dynamic,10,1,0.05887,0.25,62.595
bcsstk27.mtx,parallel,-O3,dynamic,10,2,0.18466,0.25,54.966
bcsstk27.mtx,parallel,-O3,dynamic,10,4,0.281,0.26,66.812
bcsstk27.mtx,parallel,-O3,dynamic,10,8,0.45393,0.27,63.835
bcsstk27.mtx,parallel,-O3,dynamic,10,16,0.64716,0.29,52.434
bcsstk27.mtx,parallel,-O3,dynamic,10,32,1.14925,0.3,36.847
bcsstk27.mtx,parallel,-O3,dynamic,10,64,9.83758,0.141,27.765
bcsstk27.mtx,parallel,-O3,dynamic,100,1,0.05536,0.25,61.381
bcsstk27.mtx,parallel,-O3,dynamic,100,2,0.1684,0.25,55.359
bcsstk27.mtx,parallel,-O3,dynamic,100,4,0.28236,0.26,67.798
bcsstk27.mtx,parallel,-O3,dynamic,100,8,0.37613,0.26,63.796
bcsstk27.mtx,parallel,-O3,dynamic,100,16,0.99449,0.27,50.324
bcsstk27.mtx,parallel,-O3,dynamic,100,32,1.18732,0.281,35.908
bcsstk27.mtx,parallel,-O3,dynamic,100,64,9.85091,0.154,25.493
bcsstk27.mtx,parallel,-O3,dynamic,1000,1,0.05267,0.25,65.697
bcsstk27.mtx,parallel,-O3,dynamic,1000,2,0.20962,0.25,54.238
bcsstk27.mtx,parallel,-O3,dynamic,1000,4,0.27127,0.25,66.172
bcsstk27.mtx,parallel,-O3,dynamic,1000,8,0.43638,0.26,62.506
bcsstk27.mtx,parallel,-O3,dynamic,1000,16,0.65093,0.27,49.571
bcsstk27.mtx,parallel,-O3,dynamic,1000,32,1.14737,0.28,35.288
bcsstk27.mtx,parallel,-O3,dynamic,1000,64,10.27308,0.143,25.458
bcsstk27.mtx,parallel,-O3,dynamic,10000,1,0.05171,0.25,59.908
bcsstk27.mtx,parallel,-O3,dynamic,10000,2,0.19064,0.25,55.963
bcsstk27.mtx,parallel,-O3,dynamic,10000,4,0.28002,0.25,63.923
bcsstk27.mtx,parallel,-O3,dynamic,10000,8,0.41249,0.26,62.071
bcsstk27.mtx,parallel,-O3,dynamic,10000,16,0.70045,0.27,48.031
bcsstk27.mtx,parallel,-O3,dynamic,10000,32,1.18604,0.28,35.359
bcsstk27.mtx,parallel,-O3,dynamic,10000,64,10.3018,0.191,25.403
bcsstk27.mtx,parallel,-O3,guided,1,1,0.05057,0.25,61.118
bcsstk27.mtx,parallel,-O3,guided,1,2,0.1497,0.25,54.552
bcsstk27.mtx,parallel,-O3,guided,1,4,0.28706,0.26,63.811
bcsstk27.mtx,parallel,-O3,guided,1,8,0.42193,0.27,63.133
bcsstk27.mtx,parallel,-O3,guided,1,16,0.67096,0.28,51.546
bcsstk27.mtx,parallel,-O3,guided,1,32,1.26016,0.31,39.132
bcsstk27.mtx,parallel,-O3,guided,1,64,9.90894,0.154,29.594
bcsstk27.mtx,parallel,-O3,guided,10,1,0.05131,0.25,63.314
bcsstk27.mtx,parallel,-O3,guided,10,2,0.17946,0.25,56.656
bcsstk27.mtx,parallel,-O3,guided,10,4,0.25876,0.25,64.783
bcsstk27.mtx,parallel,-O3,guided,10,8,0.42911,0.26,63.463
bcsstk27.mtx,parallel,-O3,guided,10,16,0.62897,0.28,49.865
bcsstk27.mtx,parallel,-O3,guided,10,32,1.20871,0.3,38.868
bcsstk27.mtx,parallel,-O3,guided,10,64,14.48624,0.148,27.653
bcsstk27.mtx,parallel,-O3,guided,100,1,0.05314,0.241,59.154
bcsstk27.mtx,parallel,-O3,guided,100,2,0.17097,0.25,55.712
bcsstk27.mtx,parallel,-O3,guided,100,4,0.26996,0.25,63.792
bcsstk27.mtx,parallel,-O3,guided,100,8,0.38788,0.26,63.399
bcsstk27.mtx,parallel,-O3,guided,100,16,0.66991,0.27,50.188
bcsstk27.mtx,parallel,-O3,guided,100,32,1.16198,0.29,35.944
bcsstk27.mtx,parallel,-O3,guided,100,64,9.79202,0.13,26.28
bcsstk27.mtx,parallel,-O3,guided,1000,1,0.05312,0.25,61.579
bcsstk27.mtx,parallel,-O3,guided,1000,2,0.16303,0.25,52.809
bcsstk27.mtx,parallel,-O3,guided,1000,4,0.29309,0.25,63.947
bcsstk27.mtx,parallel,-O3,guided,1000,8,0.46942,0.26,61.893
bcsstk27.mtx,parallel,-O3,guided,1000,16,0.6527,0.27,47.462
bcsstk27.mtx,parallel,-O3,guided,1000,32,1.18337,0.28,34.329
bcsstk27.mtx,parallel,-O3,guided,1000,64,9.81832,0.132,25.323
bcsstk27.mtx,parallel,-O3,guided,10000,1,0.05643,0.25,61.239
bcsstk27.mtx,parallel,-O3,guided,10000,2,0.17731,0.25,55.964
bcsstk27.mtx,parallel,-O3,guided,10000,4,0.28965,0.25,64.538
bcsstk27.mtx,parallel,-O3,guided,10000,8,0.43604,0.26,61.447
bcsstk27.mtx,parallel,-O3,guided,10000,16,0.65804,0.27,47.816
bcsstk27.mtx,parallel,-O3,guided,10000,32,1.23894,0.28,34.38
bcsstk27.mtx,parallel,-O3,guided,10000,64,9.83388,0.162,25.809
Hook_1498.mtx,parallel,-O3,static,1,1,44.41047,0.25,37.211
Hook_1498.mtx,parallel,-O3,static,1,2,53.69823,0.28,44.863
Hook_1498.mtx,parallel,-O3,static,1,4,82.78677,0.3,73.48
Hook_1498.mtx,parallel,-O3,static,1,8,58.3003,0.31,65.05
Hook_1498.mtx,parallel,-O3,static,1,16,33.17745,0.321,71.539
Hook_1498.mtx,parallel,-O3,static,1,32,103.51965,0.34,62.803
Hook_1498.mtx,parallel,-O3,static,1,64,242.74688,0.34,46.162
Hook_1498.mtx,parallel,-O3,static,10,1,40.50207,0.242,26.905
Hook_1498.mtx,parallel,-O3,static,10,2,45.28565,0.251,60.125
Hook_1498.mtx,parallel,-O3,static,10,4,34.42421,0.26,69.356
Hook_1498.mtx,parallel,-O3,static,10,8,30.07865,0.261,59.068
Hook_1498.mtx,parallel,-O3,static,10,16,46.66555,0.261,49.591
Hook_1498.mtx,parallel,-O3,static,10,32,109.26704,0.26,42.688
Hook_1498.mtx,parallel,-O3,static,10,64,144.43555,0.261,42.253
Hook_1498.mtx,parallel,-O3,static,100,1,43.13583,0.241,50.228
Hook_1498.mtx,parallel,-O3,static,100,2,28.7895,0.25,53.306
Hook_1498.mtx,parallel,-O3,static,100,4,20.15026,0.241,51.511
Hook_1498.mtx,parallel,-O3,static,100,8,13.83328,0.241,45.253
Hook_1498.mtx,parallel,-O3,static,100,16,21.37759,0.251,50.795
Hook_1498.mtx,parallel,-O3,static,100,32,19.853,0.25,42.375
Hook_1498.mtx,parallel,-O3,static,100,64,32.15568,0.251,41.387
Hook_1498.mtx,parallel,-O3,static,1000,1,44.43271,0.25,49.584
Hook_1498.mtx,parallel,-O3,static,1000,2,27.77305,0.25,53.365
Hook_1498.mtx,parallel,-O3,static,1000,4,15.38479,0.241,38.637
Hook_1498.mtx,parallel,-O3,static,1000,8,12.58128,0.25,54.01
Hook_1498.mtx,parallel,-O3,static,1000,16,11.39903,0.25,52.821
Hook_1498.mtx,parallel,-O3,static,1000,32,11.58338,0.25,52.728
Hook_1498.mtx,parallel,-O3,static,1000,64,30.03364,0.24,41.802
Hook_1498.mtx,parallel,-O3,static,10000,1,44.49465,0.25,51.736
Hook_1498.mtx,parallel,-O3,static,10000,2,28.51007,0.25,52.973
Hook_1498.mtx,parallel,-O3,static,10000,4,16.93103,0.25,54.454
Hook_1498.mtx,parallel,-O3,static,10000,8,11.42116,0.241,40.662
Hook_1498.mtx,parallel,-O3,static,10000,16,12.05785,0.25,53.199
Hook_1498.mtx,parallel,-O3,static,10000,32,13.65228,0.25,53.018
Hook_1498.mtx,parallel,-O3,static,10000,64,27.4111,0.241,39.137
Hook_1498.mtx,parallel,-O3,dynamic,1,1,69.49461,0.24,36.478
Hook_1498.mtx,parallel,-O3,dynamic,1,2,204.32236,0.28,57.048
Hook_1498.mtx,parallel,-O3,dynamic,1,4,227.42205,0.291,77.679
Hook_1498.mtx,parallel,-O3,dynamic,1,8,188.86437,0.31,44.515
Hook_1498.mtx,parallel,-O3,dynamic,1,16,156.39365,0.32,39.809
Hook_1498.mtx,parallel,-O3,dynamic,1,32,135.64653,0.34,38.566
Hook_1498.mtx,parallel,-O3,dynamic,1,64,169.16866,0.34,32.16
Hook_1498.mtx,parallel,-O3,dynamic,10,1,47.26732,0.25,52.407
Hook_1498.mtx,parallel,-O3,dynamic,10,2,55.09179,0.26,61.416
Hook_1498.mtx,parallel,-O3,dynamic,10,4,49.42465,0.26,69.62
Hook_1498.mtx,parallel,-O3,dynamic,10,8,35.44903,0.26,52.612
Hook_1498.mtx,parallel,-O3,dynamic,10,16,52.16613,0.261,50.7
Hook_1498.mtx,parallel,-O3,dynamic,10,32,113.58044,0.27,46.71
Hook_1498.mtx,parallel,-O3,dynamic,10,64,208.32789,0.27,42.386
Hook_1498.mtx,parallel,-O3,dynamic,100,1,43.3599,0.25,50.258
Hook_1498.mtx,parallel,-O3,dynamic,100,2,33.35984,0.25,52.525
Hook_1498.mtx,parallel,-O3,dynamic,100,4,26.24662,0.25,58.476
Hook_1498.mtx,parallel,-O3,dynamic,100,8,14.85195,0.25,39.453
Hook_1498.mtx,parallel,-O3,dynamic,100,16,23.35734,0.251,50.006
Hook_1498.mtx,parallel,-O3,dynamic,100,32,20.69967,0.25,41.313
Hook_1498.mtx,parallel,-O3,dynamic,100,64,42.46004,0.25,40.195
Hook_1498.mtx,parallel,-O3,dynamic,1000,1,39.854,0.241,24.071
Hook_1498.mtx,parallel,-O3,dynamic,1000,2,27.48003,0.24,40.219
Hook_1498.mtx,parallel,-O3,dynamic,1000,4,16.16089,0.241,46.013
Hook_1498.mtx,parallel,-O3,dynamic,1000,8,11.23688,0.25,42.454
Hook_1498.mtx,parallel,-O3,dynamic,1000,16,10.77423,0.25,43.658
Hook_1498.mtx,parallel,-O3,dynamic,1000,32,10.51762,0.241,42.683
Hook_1498.mtx,parallel,-O3,dynamic,1000,64,27.23215,0.25,52.753
Hook_1498.mtx,parallel,-O3,dynamic,10000,1,44.30408,0.25,50.585
Hook_1498.mtx,parallel,-O3,dynamic,10000,2,26.77362,0.25,52.776
Hook_1498.mtx,parallel,-O3,dynamic,10000,4,15.55347,0.251,55.248
Hook_1498.mtx,parallel,-O3,dynamic,10000,8,10.90159,0.25,42.103
Hook_1498.mtx,parallel,-O3,dynamic,10000,16,9.89516,0.251,32.071
Hook_1498.mtx,parallel,-O3,dynamic,10000,32,10.54685,0.24,40.654
Hook_1498.mtx,parallel,-O3,dynamic,10000,64,25.14837,0.241,31.993
Hook_1498.mtx,parallel,-O3,guided,1,1,43.17007,0.25,50.508
Hook_1498.mtx,parallel,-O3,guided,1,2,23.44301,0.241,37.72
Hook_1498.mtx,parallel,-O3,guided,1,4,13.07809,0.241,26.313
Hook_1498.mtx,parallel,-O3,guided,1,8,9.96802,0.24,26.495
Hook_1498.mtx,parallel,-O3,guided,1,16,10.05175,0.241,38.433
Hook_1498.mtx,parallel,-O3,guided,1,32,11.4058,0.25,51.637
Hook_1498.mtx,parallel,-O3,guided,1,64,27.39179,0.24,39.172
Hook_1498.mtx,parallel,-O3,guided,10,1,43.11583,0.25,50.31
Hook_1498.mtx,parallel,-O3,guided,10,2,24.98374,0.241,38.081
Hook_1498.mtx,parallel,-O3,guided,10,4,13.19165,0.24,25.888
Hook_1498.mtx,parallel,-O3,guided,10,8,10.52017,0.241,38.542
Hook_1498.mtx,parallel,-O3,guided,10,16,11.99851,0.25,51.224
Hook_1498.mtx,parallel,-O3,guided,10,32,9.77848,0.24,40.028
Hook_1498.mtx,parallel,-O3,guided,10,64,26.67286,0.241,39.257
Hook_1498.mtx,parallel,-O3,guided,100,1,44.29386,0.25,50.346
Hook_1498.mtx,parallel,-O3,guided,100,2,26.08917,0.24,37.892
Hook_1498.mtx,parallel,-O3,guided,100,4,13.83831,0.25,49.71
Hook_1498.mtx,parallel,-O3,guided,100,8,10.13956,0.24,37.439
Hook_1498.mtx,parallel,-O3,guided,100,16,10.06746,0.241,39.542
Hook_1498.mtx,parallel,-O3,guided,100,32,10.83524,0.241,32.747
Hook_1498.mtx,parallel,-O3,guided,100,64,24.1905,0.241,41.109
Hook_1498.mtx,parallel,-O3,guided,1000,1,42.88845,0.25,50.307
Hook_1498.mtx,parallel,-O3,guided,1000,2,25.80333,0.251,50.185
Hook_1498.mtx,parallel,-O3,guided,1000,4,13.81469,0.25,49.562
Hook_1498.mtx,parallel,-O3,guided,1000,8,11.46312,0.25,49.697
Hook_1498.mtx,parallel,-O3,guided,1000,16,9.84681,0.24,38.086
Hook_1498.mtx,parallel,-O3,guided,1000,32,10.16731,0.24,38.96
Hook_1498.mtx,parallel,-O3,guided,1000,64,27.46236,0.241,39.035
Hook_1498.mtx,parallel,-O3,guided,10000,1,44.43927,0.241,39.058
Hook_1498.mtx,parallel,-O3,guided,10000,2,23.42792,0.24,26.256
Hook_1498.mtx,parallel,-O3,guided,10000,4,13.69245,0.25,49.56
Hook_1498.mtx,parallel,-O3,guided,10000,8,10.08177,0.24,36.675
Hook_1498.mtx,parallel,-O3,guided,10000,16,11.89959,0.25,50.738
Hook_1498.mtx,parallel,-O3,guided,10000,32,12.39438,0.25,51.045
Hook_1498.mtx,parallel,-O3,guided,10000,64,26.91433,0.25,32.137
msdoor.mtx,parallel,-O3,static,1,1,20.16995,0.24,41.135
msdoor.mtx,parallel,-O3,static,1,2,53.99318,0.26,42.488
msdoor.mtx,parallel,-O3,static,1,4,59.87408,0.28,56.014
msdoor.mtx,parallel,-O3,static,1,8,53.59371,0.291,58.338
msdoor.mtx,parallel,-O3,static,1,16,49.78404,0.31,57.751
msdoor.mtx,parallel,-O3,static,1,32,76.78783,0.32,47.266
msdoor.mtx,parallel,-O3,static,1,64,89.97061,0.32,38.9
msdoor.mtx,parallel,-O3,static,10,1,20.12896,0.24,41.2
msdoor.mtx,parallel,-O3,static,10,2,36.57746,0.25,52.182
msdoor.mtx,parallel,-O3,static,10,4,35.72905,0.25,53.677
msdoor.mtx,parallel,-O3,static,10,8,37.79035,0.25,49.239
msdoor.mtx,parallel,-O3,static,10,16,32.71043,0.25,46.066
msdoor.mtx,parallel,-O3,static,10,32,52.42965,0.251,44.766
msdoor.mtx,parallel,-O3,static,10,64,71.46046,0.25,42.257
msdoor.mtx,parallel,-O3,static,100,1,20.20276,0.24,41.389
msdoor.mtx,parallel,-O3,static,100,2,27.21653,0.24,42.74
msdoor.mtx,parallel,-O3,static,100,4,30.4688,0.24,44.167
msdoor.mtx,parallel,-O3,static,100,8,27.51904,0.24,42.472
msdoor.mtx,parallel,-O3,static,100,16,27.84452,0.24,42.293
msdoor.mtx,parallel,-O3,static,100,32,32.01573,0.24,41.32
msdoor.mtx,parallel,-O3,static,100,64,42.28585,0.24,40.206
msdoor.mtx,parallel,-O3,static,1000,1,20.34018,0.24,41.391
msdoor.mtx,parallel,-O3,static,1000,2,15.13987,0.24,42.01
msdoor.mtx,parallel,-O3,static,1000,4,29.45757,0.24,42.252
msdoor.mtx,parallel,-O3,static,1000,8,29.43962,0.24,41.567
msdoor.mtx,parallel,-O3,static,1000,16,32.4399,0.24,41.5
msdoor.mtx,parallel,-O3,static,1000,32,55.63993,0.24,41.19
msdoor.mtx,parallel,-O3,static,1000,64,51.93832,0.24,40.736
msdoor.mtx,parallel,-O3,static,10000,1,20.26308,0.24,41.744
msdoor.mtx,parallel,-O3,static,10000,2,12.98833,0.24,41.993
msdoor.mtx,parallel,-O3,static,10000,4,30.88586,0.24,41.8
msdoor.mtx,parallel,-O3,static,10000,8,28.21348,0.24,41.855
msdoor.mtx,parallel,-O3,static,10000,16,27.42774,0.24,42.952
msdoor.mtx,parallel,-O3,static,10000,32,42.15369,0.24,42.447
msdoor.mtx,parallel,-O3,static,10000,64,46.41356,0.24,41.516
msdoor.mtx,parallel,-O3,dynamic,1,1,30.12266,0.24,41.456
msdoor.mtx,parallel,-O3,dynamic,1,2,59.10101,0.27,48.595
msdoor.mtx,parallel,-O3,dynamic,1,4,77.52457,0.28,47.703
msdoor.mtx,parallel,-O3,dynamic,1,8,77.94898,0.29,40.068
msdoor.mtx,parallel,-O3,dynamic,1,16,77.77917,0.31,45.984
msdoor.mtx,parallel,-O3,dynamic,1,32,61.4373,0.32,40.816
msdoor.mtx,parallel,-O3,dynamic,1,64,102.58474,0.32,38.734
msdoor.mtx,parallel,-O3,dynamic,10,1,21.10665,0.24,41.515
msdoor.mtx,parallel,-O3,dynamic,10,2,51.93396,0.241,45.368
msdoor.mtx,parallel,-O3,dynamic,10,4,54.1476,0.25,53.601
msdoor.mtx,parallel,-O3,dynamic,10,8,51.5022,0.25,50.04
msdoor.mtx,parallel,-O3,dynamic,10,16,51.59226,0.25,48.615
msdoor.mtx,parallel,-O3,dynamic,10,32,68.90974,0.25,47.097
msdoor.mtx,parallel,-O3,dynamic,10,64,86.13427,0.25,44.27
msdoor.mtx,parallel,-O3,dynamic,100,1,20.10489,0.24,41.432
msdoor.mtx,parallel,-O3,dynamic,100,2,30.39465,0.24,43.083
msdoor.mtx,parallel,-O3,dynamic,100,4,25.61736,0.24,42.936
msdoor.mtx,parallel,-O3,dynamic,100,8,26.04027,0.24,43.823
msdoor.mtx,parallel,-O3,dynamic,100,16,38.73579,0.24,43.097
msdoor.mtx,parallel,-O3,dynamic,100,32,79.30593,0.24,42.01
msdoor.mtx,parallel,-O3,dynamic,100,64,58.64077,0.24,41.136
msdoor.mtx,parallel,-O3,dynamic,1000,1,20.29498,0.24,41.402
msdoor.mtx,parallel,-O3,dynamic,1000,2,51.80514,0.24,41.922
msdoor.mtx,parallel,-O3,dynamic,1000,4,25.58951,0.24,41.641
msdoor.mtx,parallel,-O3,dynamic,1000,8,28.63367,0.24,42.787
msdoor.mtx,parallel,-O3,dynamic,1000,16,28.69179,0.24,42.383
msdoor.mtx,parallel,-O3,dynamic,1000,32,45.15419,0.24,41.27
msdoor.mtx,parallel,-O3,dynamic,1000,64,91.29901,0.24,41.269
msdoor.mtx,parallel,-O3,dynamic,10000,1,20.06614,0.24,41.023
msdoor.mtx,parallel,-O3,dynamic,10000,2,51.88844,0.24,41.562
msdoor.mtx,parallel,-O3,dynamic,10000,4,26.95828,0.24,41.321
msdoor.mtx,parallel,-O3,dynamic,10000,8,29.38328,0.24,42.772
msdoor.mtx,parallel,-O3,dynamic,10000,16,38.31344,0.24,42.311
msdoor.mtx,parallel,-O3,dynamic,10000,32,29.74834,0.24,42.152
msdoor.mtx,parallel,-O3,dynamic,10000,64,53.50435,0.24,42.227
msdoor.mtx,parallel,-O3,guided,1,1,20.21768,0.24,41.004
msdoor.mtx,parallel,-O3,guided,1,2,30.47581,0.24,42.083
msdoor.mtx,parallel,-O3,guided,1,4,25.6813,0.24,41.28
msdoor.mtx,parallel,-O3,guided,1,8,26.23527,0.24,41.736
msdoor.mtx,parallel,-O3,guided,1,16,28.61681,0.24,42.022
msdoor.mtx,parallel,-O3,guided,1,32,53.84448,0.24,42.249
msdoor.mtx,parallel,-O3,guided,1,64,52.80721,0.24,41.529
msdoor.mtx,parallel,-O3,guided,10,1,20.2486,0.24,41.901
msdoor.mtx,parallel,-O3,guided,10,2,12.16428,0.24,41.721
msdoor.mtx,parallel,-O3,guided,10,4,26.11954,0.24,41.355
msdoor.mtx,parallel,-O3,guided,10,8,28.71647,0.24,41.37
msdoor.mtx,parallel,-O3,guided,10,16,26.51103,0.24,42.152
msdoor.mtx,parallel,-O3,guided,10,32,39.40473,0.24,41.91
msdoor.mtx,parallel,-O3,guided,10,64,53.73254,0.24,41.92
msdoor.mtx,parallel,-O3,guided,100,1,20.3474,0.24,41.41
msdoor.mtx,parallel,-O3,guided,100,2,51.64297,0.24,42.0
msdoor.mtx,parallel,-O3,guided,100,4,25.97132,0.24,42.768
msdoor.mtx,parallel,-O3,guided,100,8,18.11471,0.24,42.235
msdoor.mtx,parallel,-O3,guided,100,16,25.56567,0.24,43.073
msdoor.mtx,parallel,-O3,guided,100,32,25.70274,0.24,42.605
msdoor.mtx,parallel,-O3,guided,100,64,47.54808,0.231,41.895
msdoor.mtx,parallel,-O3,guided,1000,1,15.52551,0.24,41.287
msdoor.mtx,parallel,-O3,guided,1000,2,21.08598,0.24,41.706
msdoor.mtx,parallel,-O3,guided,1000,4,25.48046,0.24,42.087
msdoor.mtx,parallel,-O3,guided,1000,8,25.89965,0.24,42.67
msdoor.mtx,parallel,-O3,guided,1000,16,26.09215,0.24,42.75
msdoor.mtx,parallel,-O3,guided,1000,32,39.58211,0.24,42.606
msdoor.mtx,parallel,-O3,guided,1000,64,70.82417,0.24,41.508
msdoor.mtx,parallel,-O3,guided,10000,1,20.14327,0.24,41.612
msdoor.mtx,parallel,-O3,guided,10000,2,52.07953,0.24,41.225
msdoor.mtx,parallel,-O3,guided,10000,4,25.98944,0.24,41.659
msdoor.mtx,parallel,-O3,guided,10000,8,32.53827,0.24,40.923
msdoor.mtx,parallel,-O3,guided,10000,16,27.86088,0.24,42.032
msdoor.mtx,parallel,-O3,guided,10000,32,52.94893,0.24,42.286
msdoor.mtx,parallel,-O3,guided,10000,64,81.09839,0.24,42.167
tmt_sym.mtx,parallel,-O3,static,1,1,9.04109,0.221,55.2
tmt_sym.mtx,parallel,-O3,static,1,2,13.07633,0.26,30.24
tmt_sym.mtx,parallel,-O3,static,1,4,9.34389,0.34,31.445
tmt_sym.mtx,parallel,-O3,static,1,8,9.96227,0.44,39.283
tmt_sym.mtx,parallel,-O3,static,1,16,15.32729,0.49,37.288
tmt_sym.mtx,parallel,-O3,static,1,32,57.75442,0.49,36.76
tmt_sym.mtx,parallel,-O3,static,1,64,141.8582,0.48,45.69
tmt_sym.mtx,parallel,-O3,static,10,1,9.07538,0.221,54.435
tmt_sym.mtx,parallel,-O3,static,10,2,7.70988,0.25,39.985
tmt_sym.mtx,parallel,-O3,static,10,4,9.14776,0.26,67.837
tmt_sym.mtx,parallel,-O3,static,10,8,9.01706,0.27,70.543
tmt_sym.mtx,parallel,-O3,static,10,16,28.03595,0.27,76.38
tmt_sym.mtx,parallel,-O3,static,10,32,64.04283,0.28,77.294
tmt_sym.mtx,parallel,-O3,static,10,64,82.59075,0.28,73.274
tmt_sym.mtx,parallel,-O3,static,100,1,8.95224,0.221,54.719
tmt_sym.mtx,parallel,-O3,static,100,2,5.09455,0.23,39.585
tmt_sym.mtx,parallel,-O3,static,100,4,6.43802,0.23,70.97
tmt_sym.mtx,parallel,-O3,static,100,8,6.74765,0.23,73.983
tmt_sym.mtx,parallel,-O3,static,100,16,11.13362,0.23,72.689
tmt_sym.mtx,parallel,-O3,static,100,32,10.39147,0.23,69.274
tmt_sym.mtx,parallel,-O3,static,100,64,18.00582,0.23,65.192
tmt_sym.mtx,parallel,-O3,static,1000,1,9.03797,0.221,56.317
tmt_sym.mtx,parallel,-O3,static,1000,2,5.24528,0.22,46.12
tmt_sym.mtx,parallel,-O3,static,1000,4,3.86441,0.221,54.424
tmt_sym.mtx,parallel,-O3,static,1000,8,2.61784,0.22,57.828
tmt_sym.mtx,parallel,-O3,static,1000,16,2.44195,0.22,58.452
tmt_sym.mtx,parallel,-O3,static,1000,32,2.87344,0.221,55.242
tmt_sym.mtx,parallel,-O3,static,1000,64,11.71722,0.22,51.388
tmt_sym.mtx,parallel,-O3,static,10000,1,8.68664,0.23,41.952
tmt_sym.mtx,parallel,-O3,static,10000,2,4.41027,0.22,38.405
tmt_sym.mtx,parallel,-O3,static,10000,4,3.45147,0.221,42.054
tmt_sym.mtx,parallel,-O3,static,10000,8,2.47331,0.221,50.76
tmt_sym.mtx,parallel,-O3,static,10000,16,2.2902,0.22,42.29
tmt_sym.mtx,parallel,-O3,static,10000,32,2.65052,0.221,41.994
tmt_sym.mtx,parallel,-O3,static,10000,64,10.62322,0.22,49.297
tmt_sym.mtx,parallel,-O3,dynamic,1,1,20.02082,0.22,52.961
tmt_sym.mtx,parallel,-O3,dynamic,1,2,45.58895,0.32,32.804
tmt_sym.mtx,parallel,-O3,dynamic,1,4,91.20228,0.37,56.686
tmt_sym.mtx,parallel,-O3,dynamic,1,8,80.78296,0.43,38.251
tmt_sym.mtx,parallel,-O3,dynamic,1,16,68.53051,0.471,20.913
tmt_sym.mtx,parallel,-O3,dynamic,1,32,64.78791,0.511,15.628
tmt_sym.mtx,parallel,-O3,dynamic,1,64,124.94628,0.52,17.514
tmt_sym.mtx,parallel,-O3,dynamic,10,1,10.38196,0.23,56.912
tmt_sym.mtx,parallel,-O3,dynamic,10,2,9.22508,0.25,38.282
tmt_sym.mtx,parallel,-O3,dynamic,10,4,17.02368,0.25,70.836
tmt_sym.mtx,parallel,-O3,dynamic,10,8,16.35995,0.261,67.083
tmt_sym.mtx,parallel,-O3,dynamic,10,16,29.40235,0.27,63.149
tmt_sym.mtx,parallel,-O3,dynamic,10,32,58.2835,0.28,66.632
tmt_sym.mtx,parallel,-O3,dynamic,10,64,110.12158,0.291,70.448
tmt_sym.mtx,parallel,-O3,dynamic,100,1,9.18772,0.22,54.589
tmt_sym.mtx,parallel,-O3,dynamic,100,2,6.63164,0.23,50.546
tmt_sym.mtx,parallel,-O3,dynamic,100,4,7.76038,0.23,71.508
tmt_sym.mtx,parallel,-O3,dynamic,100,8,10.33728,0.23,74.346
tmt_sym.mtx,parallel,-O3,dynamic,100,16,10.7291,0.23,70.864
tmt_sym.mtx,parallel,-O3,dynamic,100,32,11.07085,0.231,69.115
tmt_sym.mtx,parallel,-O3,dynamic,100,64,18.69562,0.23,67.426
tmt_sym.mtx,parallel,-O3,dynamic,1000,1,9.10618,0.221,56.815
tmt_sym.mtx,parallel,-O3,dynamic,1000,2,5.22299,0.22,48.688
tmt_sym.mtx,parallel,-O3,dynamic,1000,4,4.00193,0.22,58.431
tmt_sym.mtx,parallel,-O3,dynamic,1000,8,2.81634,0.23,60.125
tmt_sym.mtx,parallel,-O3,dynamic,1000,16,2.42856,0.22,55.696
tmt_sym.mtx,parallel,-O3,dynamic,1000,32,2.78232,0.221,61.076
tmt_sym.mtx,parallel,-O3,dynamic,1000,64,11.97429,0.22,55.613
tmt_sym.mtx,parallel,-O3,dynamic,10000,1,9.04326,0.221,61.511
tmt_sym.mtx,parallel,-O3,dynamic,10000,2,4.94263,0.22,58.817
tmt_sym.mtx,parallel,-O3,dynamic,10000,4,3.22373,0.221,53.329
tmt_sym.mtx,parallel,-O3,dynamic,10000,8,2.33867,0.221,53.141
tmt_sym.mtx,parallel,-O3,dynamic,10000,16,2.22664,0.22,47.19
tmt_sym.mtx,parallel,-O3,dynamic,10000,32,2.6278,0.22,45.188
tmt_sym.mtx,parallel,-O3,dynamic,10000,64,11.04925,0.22,49.932
tmt_sym.mtx,parallel,-O3,guided,1,1,8.99947,0.22,54.571
tmt_sym.mtx,parallel,-O3,guided,1,2,4.83129,0.221,54.73
tmt_sym.mtx,parallel,-O3,guided,1,4,2.91438,0.221,44.151
tmt_sym.mtx,parallel,-O3,guided,1,8,2.11678,0.221,52.19
tmt_sym.mtx,parallel,-O3,guided,1,16,2.19836,0.221,52.85
tmt_sym.mtx,parallel,-O3,guided,1,32,2.68424,0.23,52.741
tmt_sym.mtx,parallel,-O3,guided,1,64,12.23264,0.222,42.619
tmt_sym.mtx,parallel,-O3,guided,10,1,9.01918,0.22,54.481
tmt_sym.mtx,parallel,-O3,guided,10,2,3.86105,0.22,41.368
tmt_sym.mtx,parallel,-O3,guided,10,4,2.92129,0.221,40.199
tmt_sym.mtx,parallel,-O3,guided,10,8,2.14217,0.221,51.369
tmt_sym.mtx,parallel,-O3,guided,10,16,2.10352,0.221,40.842
tmt_sym.mtx,parallel,-O3,guided,10,32,2.71478,0.23,52.298
tmt_sym.mtx,parallel,-O3,guided,10,64,15.89854,0.22,44.54
tmt_sym.mtx,parallel,-O3,guided,100,1,8.82728,0.221,42.576
tmt_sym.mtx,parallel,-O3,guided,100,2,4.70765,0.221,46.436
tmt_sym.mtx,parallel,-O3,guided,100,4,3.07903,0.221,53.224
tmt_sym.mtx,parallel,-O3,guided,100,8,2.20613,0.22,46.063
tmt_sym.mtx,parallel,-O3,guided,100,16,2.05154,0.221,46.684
tmt_sym.mtx,parallel,-O3,guided,100,32,2.73306,0.222,45.993
tmt_sym.mtx,parallel,-O3,guided,100,64,11.17096,0.22,51.149
tmt_sym.mtx,parallel,-O3,guided,1000,1,8.20632,0.231,42.777
tmt_sym.mtx,parallel,-O3,guided,1000,2,4.37074,0.221,40.95
tmt_sym.mtx,parallel,-O3,guided,1000,4,3.04482,0.22,55.862
tmt_sym.mtx,parallel,-O3,guided,1000,8,2.05417,0.22,52.746
tmt_sym.mtx,parallel,-O3,guided,1000,16,2.08149,0.23,55.835
tmt_sym.mtx,parallel,-O3,guided,1000,32,2.64814,0.22,51.613
tmt_sym.mtx,parallel,-O3,guided,1000,64,15.69657,0.22,43.59
tmt_sym.mtx,parallel,-O3,guided,10000,1,8.79779,0.22,41.999
tmt_sym.mtx,parallel,-O3,guided,10000,2,4.69482,0.221,41.969
tmt_sym.mtx,parallel,-O3,guided,10000,4,2.62551,0.23,40.832
tmt_sym.mtx,parallel,-O3,guided,10000,8,2.16191,0.22,54.487
tmt_sym.mtx,parallel,-O3,guided,10000,16,2.03998,0.22,58.628
tmt_sym.mtx,parallel,-O3,guided,10000,32,2.75855,0.22,50.988
tmt_sym.mtx,parallel,-O3,guided,10000,64,10.48245,0.22,49.085
