matrix,mode,opt_level,schedule,chunk_size,num_threads,p90_time,p90_bandwidth,p90_gflops
Andrews.mtx,sequential,-O3,none,none,1,0.702429,8.158698,1.173812
bcsstk27.mtx,sequential,-O3,none,none,1,0.02408,14.843106,2.479828
Hook_1498.mtx,sequential,-O3,none,none,1,35.519886,10.744394,1.780351
msdoor.mtx,sequential,-O3,none,none,1,11.418819,11.080643,1.858257
tmt_sym.mtx,sequential,-O3,none,none,1,5.550575,8.36587,1.056476
Andrews.mtx,parallel,-O3,static,1,1,0.748014,7.717349,1.110314
Andrews.mtx,parallel,-O3,static,1,2,1.020598,5.865152,0.843835
Andrews.mtx,parallel,-O3,static,1,4,0.574827,10.371749,1.49221
Andrews.mtx,parallel,-O3,static,1,8,0.5795,15.12576,2.176182
Andrews.mtx,parallel,-O3,static,1,16,0.636554,14.309784,2.058786
Andrews.mtx,parallel,-O3,static,1,32,0.346398,21.880272,3.147971
Andrews.mtx,parallel,-O3,static,1,64,0.234675,31.626956,4.550252
Andrews.mtx,parallel,-O3,static,10,1,0.78969,7.310324,1.051755
Andrews.mtx,parallel,-O3,static,10,2,0.623417,11.688445,1.681646
Andrews.mtx,parallel,-O3,static,10,4,0.365353,21.630479,3.112032
Andrews.mtx,parallel,-O3,static,10,8,0.281239,37.476293,5.391811
Andrews.mtx,parallel,-O3,static,10,16,0.202132,43.431984,6.248672
Andrews.mtx,parallel,-O3,static,10,32,0.126409,58.290362,8.386384
Andrews.mtx,parallel,-O3,static,10,64,0.117921,56.270224,8.095742
Andrews.mtx,parallel,-O3,static,100,1,0.779891,7.768749,1.11771
Andrews.mtx,parallel,-O3,static,100,2,0.467086,14.106121,2.029484
Andrews.mtx,parallel,-O3,static,100,4,0.238895,27.142556,3.90507
Andrews.mtx,parallel,-O3,static,100,8,0.145745,49.279612,7.089984
Andrews.mtx,parallel,-O3,static,100,16,0.087785,82.819914,11.915514
Andrews.mtx,parallel,-O3,static,100,32,0.074148,112.392121,16.170143
Andrews.mtx,parallel,-O3,static,100,64,0.123668,99.325306,14.290188
Andrews.mtx,parallel,-O3,static,1000,1,0.808192,7.152221,1.029008
Andrews.mtx,parallel,-O3,static,1000,2,0.424933,15.16162,2.181341
Andrews.mtx,parallel,-O3,static,1000,4,0.220418,27.673466,3.981453
Andrews.mtx,parallel,-O3,static,1000,8,0.132013,48.392228,6.962314
Andrews.mtx,parallel,-O3,static,1000,16,0.103998,88.001986,12.661072
Andrews.mtx,parallel,-O3,static,1000,32,0.060606,139.010901,19.999856
Andrews.mtx,parallel,-O3,static,1000,64,0.088787,121.621468,17.497993
Andrews.mtx,parallel,-O3,static,10000,1,0.784159,7.746348,1.114487
Andrews.mtx,parallel,-O3,static,10000,2,0.424003,13.90109,1.999986
Andrews.mtx,parallel,-O3,static,10000,4,0.292349,19.820896,2.851684
Andrews.mtx,parallel,-O3,static,10000,8,0.400639,18.105327,2.60486
Andrews.mtx,parallel,-O3,static,10000,16,0.197434,32.757746,4.712941
Andrews.mtx,parallel,-O3,static,10000,32,0.552488,14.673372,2.111095
Andrews.mtx,parallel,-O3,static,10000,64,0.6315,10.440993,1.502173
Andrews.mtx,parallel,-O3,dynamic,1,1,1.739716,3.419072,0.491911
Andrews.mtx,parallel,-O3,dynamic,1,2,7.664657,0.772006,0.11107
Andrews.mtx,parallel,-O3,dynamic,1,4,2.937364,1.951779,0.280807
Andrews.mtx,parallel,-O3,dynamic,1,8,5.361342,1.134045,0.163158
Andrews.mtx,parallel,-O3,dynamic,1,16,4.625988,1.259894,0.181264
Andrews.mtx,parallel,-O3,dynamic,1,32,4.561997,1.282513,0.184519
Andrews.mtx,parallel,-O3,dynamic,1,64,4.201174,1.372798,0.197508
Andrews.mtx,parallel,-O3,dynamic,10,1,0.903392,6.623349,0.952919
Andrews.mtx,parallel,-O3,dynamic,10,2,1.159573,5.172948,0.744245
Andrews.mtx,parallel,-O3,dynamic,10,4,0.67792,9.489198,1.365235
Andrews.mtx,parallel,-O3,dynamic,10,8,0.723696,8.405465,1.209315
Andrews.mtx,parallel,-O3,dynamic,10,16,0.514459,11.906139,1.712967
Andrews.mtx,parallel,-O3,dynamic,10,32,0.451565,13.172057,1.895097
Andrews.mtx,parallel,-O3,dynamic,10,64,0.42665,14.053907,2.021972
Andrews.mtx,parallel,-O3,dynamic,100,1,0.796271,7.278089,1.047118
Andrews.mtx,parallel,-O3,dynamic,100,2,0.524759,12.371232,1.779881
Andrews.mtx,parallel,-O3,dynamic,100,4,0.286316,23.957791,3.446869
Andrews.mtx,parallel,-O3,dynamic,100,8,0.214791,42.304159,6.086408
Andrews.mtx,parallel,-O3,dynamic,100,16,0.200343,67.830675,9.758973
Andrews.mtx,parallel,-O3,dynamic,100,32,0.202346,72.017696,10.361371
Andrews.mtx,parallel,-O3,dynamic,100,64,0.239659,66.920995,9.628095
Andrews.mtx,parallel,-O3,dynamic,1000,1,0.781059,7.480395,1.076224
Andrews.mtx,parallel,-O3,dynamic,1000,2,0.453496,14.252063,2.05048
Andrews.mtx,parallel,-O3,dynamic,1000,4,0.281572,27.673466,3.981453
Andrews.mtx,parallel,-O3,dynamic,1000,8,0.199604,46.212754,6.648748
Andrews.mtx,parallel,-O3,dynamic,1000,16,0.198341,75.284067,10.831312
Andrews.mtx,parallel,-O3,dynamic,1000,32,0.196075,92.287299,13.277612
Andrews.mtx,parallel,-O3,dynamic,1000,64,0.195145,67.714052,9.742195
Andrews.mtx,parallel,-O3,dynamic,10000,1,0.732565,7.819819,1.125057
Andrews.mtx,parallel,-O3,dynamic,10000,2,0.447321,14.309143,2.058693
Andrews.mtx,parallel,-O3,dynamic,10000,4,0.398111,19.834771,2.85368
Andrews.mtx,parallel,-O3,dynamic,10000,8,0.386762,32.956551,4.741544
Andrews.mtx,parallel,-O3,dynamic,10000,16,0.336385,31.630536,4.550766
Andrews.mtx,parallel,-O3,dynamic,10000,32,0.458217,29.244064,4.207419
Andrews.mtx,parallel,-O3,dynamic,10000,64,0.486183,23.616013,3.397696
Andrews.mtx,parallel,-O3,guided,1,1,0.784183,7.336568,1.055531
Andrews.mtx,parallel,-O3,guided,1,2,0.455904,14.91522,2.145891
Andrews.mtx,parallel,-O3,guided,1,4,0.247908,27.306898,3.928713
Andrews.mtx,parallel,-O3,guided,1,8,0.174642,46.336967,6.666619
Andrews.mtx,parallel,-O3,guided,1,16,0.18053,61.435764,8.838921
Andrews.mtx,parallel,-O3,guided,1,32,0.19455,52.460286,7.547596
Andrews.mtx,parallel,-O3,guided,1,64,0.261545,31.094098,4.473588
Andrews.mtx,parallel,-O3,guided,10,1,0.799918,7.317839,1.052836
Andrews.mtx,parallel,-O3,guided,10,2,0.438976,14.853626,2.13703
Andrews.mtx,parallel,-O3,guided,10,4,0.24128,27.858246,4.008037
Andrews.mtx,parallel,-O3,guided,10,8,0.180626,45.462137,6.540755
Andrews.mtx,parallel,-O3,guided,10,16,0.167393,69.037653,9.932624
Andrews.mtx,parallel,-O3,guided,10,32,0.200725,64.638796,9.29975
Andrews.mtx,parallel,-O3,guided,10,64,0.289655,39.03488,5.616048
Andrews.mtx,parallel,-O3,guided,100,1,0.78702,7.318989,1.053002
Andrews.mtx,parallel,-O3,guided,100,2,0.449491,14.813173,2.13121
Andrews.mtx,parallel,-O3,guided,100,4,0.253964,27.991179,4.027163
Andrews.mtx,parallel,-O3,guided,100,8,0.184321,50.205117,7.223139
Andrews.mtx,parallel,-O3,guided,100,16,0.152612,79.387205,11.421641
Andrews.mtx,parallel,-O3,guided,100,32,0.158071,88.01987,12.663645
Andrews.mtx,parallel,-O3,guided,100,64,0.231003,50.4037,7.25171
Andrews.mtx,parallel,-O3,guided,1000,1,0.778175,7.556912,1.087233
Andrews.mtx,parallel,-O3,guided,1000,2,0.444293,14.85371,2.137041
Andrews.mtx,parallel,-O3,guided,1000,4,0.270319,27.571563,3.966792
Andrews.mtx,parallel,-O3,guided,1000,8,0.175691,48.115646,6.922522
Andrews.mtx,parallel,-O3,guided,1000,16,0.183869,74.212379,10.677126
Andrews.mtx,parallel,-O3,guided,1000,32,0.202084,89.351127,12.855176
Andrews.mtx,parallel,-O3,guided,1000,64,0.220323,65.931378,9.485717
Andrews.mtx,parallel,-O3,guided,10000,1,0.736117,7.790523,1.120842
Andrews.mtx,parallel,-O3,guided,10000,2,0.471592,14.325869,2.0611
Andrews.mtx,parallel,-O3,guided,10000,4,0.355267,19.181383,2.759675
Andrews.mtx,parallel,-O3,guided,10000,8,0.478339,28.135227,4.047887
Andrews.mtx,parallel,-O3,guided,10000,16,0.527478,22.891328,3.293434
Andrews.mtx,parallel,-O3,guided,10000,32,0.459265,27.677607,3.982049
Andrews.mtx,parallel,-O3,guided,10000,64,0.385618,26.251831,3.776918
bcsstk27.mtx,parallel,-O3,static,1,1,0.026965,13.209002,2.20682
bcsstk27.mtx,parallel,-O3,static,1,2,0.044226,11.474053,1.916963
bcsstk27.mtx,parallel,-O3,static,1,4,0.04437,12.575013,2.100899
bcsstk27.mtx,parallel,-O3,static,1,8,0.044989,9.278918,1.550223
bcsstk27.mtx,parallel,-O3,static,1,16,0.040054,9.288911,1.551892
bcsstk27.mtx,parallel,-O3,static,1,32,0.049805,9.339463,1.560338
bcsstk27.mtx,parallel,-O3,static,1,64,0.073767,5.754749,0.961442
bcsstk27.mtx,parallel,-O3,static,10,1,0.025129,14.269515,2.383999
bcsstk27.mtx,parallel,-O3,static,10,2,0.036932,16.439061,2.746463
bcsstk27.mtx,parallel,-O3,static,10,4,0.023985,21.489272,3.590199
bcsstk27.mtx,parallel,-O3,static,10,8,0.026369,19.077902,3.187333
bcsstk27.mtx,parallel,-O3,static,10,16,0.025034,15.649796,2.614601
bcsstk27.mtx,parallel,-O3,static,10,32,0.033712,11.899019,1.987961
bcsstk27.mtx,parallel,-O3,static,10,64,0.049186,7.959012,1.329707
bcsstk27.mtx,parallel,-O3,static,100,1,0.02718,13.209002,2.20682
bcsstk27.mtx,parallel,-O3,static,100,2,0.021672,19.197083,3.207244
bcsstk27.mtx,parallel,-O3,static,100,4,0.01359,28.287467,4.725969
bcsstk27.mtx,parallel,-O3,static,100,8,0.01502,28.795625,4.810867
bcsstk27.mtx,parallel,-O3,static,100,16,0.019145,24.959218,4.169921
bcsstk27.mtx,parallel,-O3,static,100,32,0.027036,16.361151,2.733447
bcsstk27.mtx,parallel,-O3,static,100,64,0.041914,10.128065,1.692089
bcsstk27.mtx,parallel,-O3,static,1000,1,0.025034,13.84405,2.312917
bcsstk27.mtx,parallel,-O3,static,1000,2,0.02408,14.997721,2.50566
bcsstk27.mtx,parallel,-O3,static,1000,4,0.026083,13.84405,2.312917
bcsstk27.mtx,parallel,-O3,static,1000,8,0.030136,12.741427,2.128702
bcsstk27.mtx,parallel,-O3,static,1000,16,0.032043,11.811239,1.973296
bcsstk27.mtx,parallel,-O3,static,1000,32,0.038028,10.464341,1.748271
bcsstk27.mtx,parallel,-O3,static,1000,64,0.05207,10.139305,1.693967
bcsstk27.mtx,parallel,-O3,static,10000,1,0.027966,13.209002,2.20682
bcsstk27.mtx,parallel,-O3,static,10000,2,0.029778,12.741427,2.128702
bcsstk27.mtx,parallel,-O3,static,10000,4,0.030041,12.305823,2.055926
bcsstk27.mtx,parallel,-O3,static,10000,8,0.034189,11.07524,1.850333
bcsstk27.mtx,parallel,-O3,static,10000,16,0.037265,10.433197,1.743068
bcsstk27.mtx,parallel,-O3,static,10000,32,0.044202,9.288911,1.551892
bcsstk27.mtx,parallel,-O3,static,10000,64,0.056338,7.551087,1.261556
bcsstk27.mtx,parallel,-O3,dynamic,1,1,0.0597,6.856101,1.145444
bcsstk27.mtx,parallel,-O3,dynamic,1,2,0.196862,1.880244,0.314131
bcsstk27.mtx,parallel,-O3,dynamic,1,4,0.159216,2.39233,0.399686
bcsstk27.mtx,parallel,-O3,dynamic,1,8,0.158048,2.30365,0.384869
bcsstk27.mtx,parallel,-O3,dynamic,1,16,0.131321,2.797485,0.467374
bcsstk27.mtx,parallel,-O3,dynamic,1,32,0.126004,2.99214,0.499895
bcsstk27.mtx,parallel,-O3,dynamic,1,64,0.137568,2.672081,0.446423
bcsstk27.mtx,parallel,-O3,dynamic,10,1,0.027752,13.209002,2.20682
bcsstk27.mtx,parallel,-O3,dynamic,10,2,0.045752,10.497401,1.753794
bcsstk27.mtx,parallel,-O3,dynamic,10,4,0.039935,13.766508,2.299962
bcsstk27.mtx,parallel,-O3,dynamic,10,8,0.02811,14.457804,2.415456
bcsstk27.mtx,parallel,-O3,dynamic,10,16,0.02718,13.840754,2.312366
bcsstk27.mtx,parallel,-O3,dynamic,10,32,0.032139,12.255525,2.047523
bcsstk27.mtx,parallel,-O3,dynamic,10,64,0.050354,8.618636,1.43991
bcsstk27.mtx,parallel,-O3,dynamic,100,1,0.03438,12.741427,2.128702
bcsstk27.mtx,parallel,-O3,dynamic,100,2,0.028968,18.94449,3.165044
bcsstk27.mtx,parallel,-O3,dynamic,100,4,0.020122,24.580549,4.106657
bcsstk27.mtx,parallel,-O3,dynamic,100,8,0.024175,26.819455,4.480709
bcsstk27.mtx,parallel,-O3,dynamic,100,16,0.022054,21.958129,3.668531
bcsstk27.mtx,parallel,-O3,dynamic,100,32,0.023318,17.248736,2.881735
bcsstk27.mtx,parallel,-O3,dynamic,100,64,0.036311,11.338936,1.894389
bcsstk27.mtx,parallel,-O3,dynamic,1000,1,0.028133,12.741427,2.128702
bcsstk27.mtx,parallel,-O3,dynamic,1000,2,0.04332,14.394714,2.404915
bcsstk27.mtx,parallel,-O3,dynamic,1000,4,0.050664,13.712202,2.290889
bcsstk27.mtx,parallel,-O3,dynamic,1000,8,0.058055,11.157618,1.864096
bcsstk27.mtx,parallel,-O3,dynamic,1000,16,0.048566,11.07524,1.850333
bcsstk27.mtx,parallel,-O3,dynamic,1000,32,0.059008,10.10488,1.688216
bcsstk27.mtx,parallel,-O3,dynamic,1000,64,0.063634,9.288911,1.551892
bcsstk27.mtx,parallel,-O3,dynamic,10000,1,0.02718,13.209002,2.20682
bcsstk27.mtx,parallel,-O3,dynamic,10000,2,0.06392,11.939699,1.994758
bcsstk27.mtx,parallel,-O3,dynamic,10000,4,0.059128,9.313517,1.556003
bcsstk27.mtx,parallel,-O3,dynamic,10000,8,0.063491,10.777696,1.800623
bcsstk27.mtx,parallel,-O3,dynamic,10000,16,0.065422,9.235321,1.542939
bcsstk27.mtx,parallel,-O3,dynamic,10000,32,0.065256,8.63605,1.44282
bcsstk27.mtx,parallel,-O3,dynamic,10000,64,0.091529,7.377559,1.232564
bcsstk27.mtx,parallel,-O3,guided,1,1,0.027895,12.741427,2.128702
bcsstk27.mtx,parallel,-O3,guided,1,2,0.037384,19.197083,3.207244
bcsstk27.mtx,parallel,-O3,guided,1,4,0.022912,19.197083,3.207244
bcsstk27.mtx,parallel,-O3,guided,1,8,0.028228,14.843106,2.479828
bcsstk27.mtx,parallel,-O3,guided,1,16,0.040054,9.072642,1.51576
bcsstk27.mtx,parallel,-O3,guided,1,32,0.069308,5.3784,0.898566
bcsstk27.mtx,parallel,-O3,guided,1,64,0.13206,2.821731,0.471424
bcsstk27.mtx,parallel,-O3,guided,10,1,0.027847,13.209002,2.20682
bcsstk27.mtx,parallel,-O3,guided,10,2,0.033403,19.277071,3.220608
bcsstk27.mtx,parallel,-O3,guided,10,4,0.023198,22.853671,3.818148
bcsstk27.mtx,parallel,-O3,guided,10,8,0.021267,20.368073,3.402881
bcsstk27.mtx,parallel,-O3,guided,10,16,0.030994,12.741427,2.128702
bcsstk27.mtx,parallel,-O3,guided,10,32,0.050473,7.998785,1.336352
bcsstk27.mtx,parallel,-O3,guided,10,64,0.082517,4.663158,0.779071
bcsstk27.mtx,parallel,-O3,guided,100,1,0.033307,13.84405,2.312917
bcsstk27.mtx,parallel,-O3,guided,100,2,0.040245,19.277071,3.220608
bcsstk27.mtx,parallel,-O3,guided,100,4,0.021386,24.580549,4.106657
bcsstk27.mtx,parallel,-O3,guided,100,8,0.018215,25.007695,4.17802
bcsstk27.mtx,parallel,-O3,guided,100,16,0.022459,20.278609,3.387934
bcsstk27.mtx,parallel,-O3,guided,100,32,0.030232,13.885171,2.319787
bcsstk27.mtx,parallel,-O3,guided,100,64,0.051117,8.591029,1.435298
bcsstk27.mtx,parallel,-O3,guided,1000,1,0.027919,12.741427,2.128702
bcsstk27.mtx,parallel,-O3,guided,1000,2,0.060153,13.766508,2.299962
bcsstk27.mtx,parallel,-O3,guided,1000,4,0.057006,12.741427,2.128702
bcsstk27.mtx,parallel,-O3,guided,1000,8,0.068903,10.139305,1.693967
bcsstk27.mtx,parallel,-O3,guided,1000,16,0.059343,10.706065,1.788655
bcsstk27.mtx,parallel,-O3,guided,1000,32,0.058484,9.078596,1.516755
bcsstk27.mtx,parallel,-O3,guided,1000,64,0.06628,8.138979,1.359774
bcsstk27.mtx,parallel,-O3,guided,10000,1,0.025034,13.766508,2.299962
bcsstk27.mtx,parallel,-O3,guided,10000,2,0.056815,12.338207,2.061336
bcsstk27.mtx,parallel,-O3,guided,10000,4,0.065756,11.972083,2.000168
bcsstk27.mtx,parallel,-O3,guided,10000,8,0.061703,11.435976,1.910601
bcsstk27.mtx,parallel,-O3,guided,10000,16,0.072694,9.889294,1.652198
bcsstk27.mtx,parallel,-O3,guided,10000,32,0.088167,8.245819,1.377623
bcsstk27.mtx,parallel,-O3,guided,10000,64,0.083661,7.634361,1.275468
Hook_1498.mtx,parallel,-O3,static,1,1,35.90622,10.712449,1.775058
Hook_1498.mtx,parallel,-O3,static,1,2,53.475881,7.765119,1.286684
Hook_1498.mtx,parallel,-O3,static,1,4,51.99809,7.844729,1.299876
Hook_1498.mtx,parallel,-O3,static,1,8,44.511795,9.040125,1.497953
Hook_1498.mtx,parallel,-O3,static,1,16,38.373494,10.665178,1.767225
Hook_1498.mtx,parallel,-O3,static,1,32,30.711389,12.880365,2.134283
Hook_1498.mtx,parallel,-O3,static,1,64,24.81451,15.6944,2.60057
Hook_1498.mtx,parallel,-O3,static,10,1,34.493375,11.028212,1.82738
Hook_1498.mtx,parallel,-O3,static,10,2,88.303662,6.619477,1.09685
Hook_1498.mtx,parallel,-O3,static,10,4,29.272199,13.328223,2.208493
Hook_1498.mtx,parallel,-O3,static,10,8,25.426197,17.108455,2.834879
Hook_1498.mtx,parallel,-O3,static,10,16,21.615219,17.897067,2.965552
Hook_1498.mtx,parallel,-O3,static,10,32,24.162126,17.490325,2.898155
Hook_1498.mtx,parallel,-O3,static,10,64,25.201869,16.989926,2.815239
Hook_1498.mtx,parallel,-O3,static,100,1,34.894777,10.907229,1.807333
Hook_1498.mtx,parallel,-O3,static,100,2,34.398556,11.849728,1.963506
Hook_1498.mtx,parallel,-O3,static,100,4,19.730377,19.595417,3.24697
Hook_1498.mtx,parallel,-O3,static,100,8,13.832545,27.788889,4.604632
Hook_1498.mtx,parallel,-O3,static,100,16,13.128996,29.795971,4.937206
Hook_1498.mtx,parallel,-O3,static,100,32,18.977475,22.306897,3.696263
Hook_1498.mtx,parallel,-O3,static,100,64,142.665338,2.805692,0.464904
Hook_1498.mtx,parallel,-O3,static,1000,1,34.178566,11.174073,1.85155
Hook_1498.mtx,parallel,-O3,static,1000,2,19.23213,19.674198,3.260024
Hook_1498.mtx,parallel,-O3,static,1000,4,18.911958,21.477765,3.558876
Hook_1498.mtx,parallel,-O3,static,1000,8,11.86347,32.84471,5.442384
Hook_1498.mtx,parallel,-O3,static,1000,16,11.476826,34.012301,5.635854
Hook_1498.mtx,parallel,-O3,static,1000,32,15.750932,30.278942,5.017235
Hook_1498.mtx,parallel,-O3,static,1000,64,148.444342,2.89594,0.479859
Hook_1498.mtx,parallel,-O3,static,10000,1,65.321875,6.227839,1.031956
Hook_1498.mtx,parallel,-O3,static,10000,2,20.981216,18.068649,2.993984
Hook_1498.mtx,parallel,-O3,static,10000,4,21.156454,18.82586,3.119454
Hook_1498.mtx,parallel,-O3,static,10000,8,28.872872,15.432181,2.55712
Hook_1498.mtx,parallel,-O3,static,10000,16,12.290549,33.122455,5.488406
Hook_1498.mtx,parallel,-O3,static,10000,32,17.631745,27.01786,4.476872
Hook_1498.mtx,parallel,-O3,static,10000,64,139.825583,3.275536,0.542758
Hook_1498.mtx,parallel,-O3,dynamic,1,1,68.841743,5.671743,0.93981
Hook_1498.mtx,parallel,-O3,dynamic,1,2,202.563334,2.013258,0.333597
Hook_1498.mtx,parallel,-O3,dynamic,1,4,168.437576,4.353358,0.721353
Hook_1498.mtx,parallel,-O3,dynamic,1,8,194.324803,2.060777,0.341472
Hook_1498.mtx,parallel,-O3,dynamic,1,16,138.002562,2.969561,0.492058
Hook_1498.mtx,parallel,-O3,dynamic,1,32,111.696458,3.480137,0.57666
Hook_1498.mtx,parallel,-O3,dynamic,1,64,126.851702,3.656066,0.605812
Hook_1498.mtx,parallel,-O3,dynamic,10,1,42.324329,9.489574,1.572427
Hook_1498.mtx,parallel,-O3,dynamic,10,2,69.06929,6.433971,1.066112
Hook_1498.mtx,parallel,-O3,dynamic,10,4,37.424397,12.582676,2.084955
Hook_1498.mtx,parallel,-O3,dynamic,10,8,29.905939,14.900792,2.469069
Hook_1498.mtx,parallel,-O3,dynamic,10,16,23.276949,18.409951,3.050537
Hook_1498.mtx,parallel,-O3,dynamic,10,32,19.525957,21.388414,3.54407
Hook_1498.mtx,parallel,-O3,dynamic,10,64,16.804862,24.931849,4.131219
Hook_1498.mtx,parallel,-O3,dynamic,100,1,46.836924,8.838878,1.464607
Hook_1498.mtx,parallel,-O3,dynamic,100,2,33.996368,11.519122,1.908724
Hook_1498.mtx,parallel,-O3,dynamic,100,4,27.335787,14.864477,2.463051
Hook_1498.mtx,parallel,-O3,dynamic,100,8,22.295523,20.557601,3.406404
Hook_1498.mtx,parallel,-O3,dynamic,100,16,20.671201,20.244474,3.354519
Hook_1498.mtx,parallel,-O3,dynamic,100,32,81.376147,7.84442,1.299824
Hook_1498.mtx,parallel,-O3,dynamic,100,64,147.971916,3.930752,0.651328
Hook_1498.mtx,parallel,-O3,dynamic,1000,1,101.407552,6.385194,1.058029
Hook_1498.mtx,parallel,-O3,dynamic,1000,2,33.613515,12.421848,2.058306
Hook_1498.mtx,parallel,-O3,dynamic,1000,4,24.754214,17.271878,2.861958
Hook_1498.mtx,parallel,-O3,dynamic,1000,8,17.917514,27.653848,4.582256
Hook_1498.mtx,parallel,-O3,dynamic,1000,16,18.296075,28.350174,4.697637
Hook_1498.mtx,parallel,-O3,dynamic,1000,32,66.95025,7.525185,1.246927
Hook_1498.mtx,parallel,-O3,dynamic,1000,64,102.310133,4.568538,0.757009
Hook_1498.mtx,parallel,-O3,dynamic,10000,1,100.499368,4.514152,0.747997
Hook_1498.mtx,parallel,-O3,dynamic,10000,2,118.290805,6.518188,1.080066
Hook_1498.mtx,parallel,-O3,dynamic,10000,4,72.288441,9.480963,1.571
Hook_1498.mtx,parallel,-O3,dynamic,10000,8,30.738187,14.79489,2.451521
Hook_1498.mtx,parallel,-O3,dynamic,10000,16,15.032577,27.670635,4.585037
Hook_1498.mtx,parallel,-O3,dynamic,10000,32,129.307127,20.222808,3.350929
Hook_1498.mtx,parallel,-O3,dynamic,10000,64,134.052181,4.150029,0.687662
Hook_1498.mtx,parallel,-O3,guided,1,1,63.506245,6.055449,1.003391
Hook_1498.mtx,parallel,-O3,guided,1,2,32.476687,11.80208,1.95561
Hook_1498.mtx,parallel,-O3,guided,1,4,29.802632,17.428717,2.887947
Hook_1498.mtx,parallel,-O3,guided,1,8,36.048936,19.981011,3.310863
Hook_1498.mtx,parallel,-O3,guided,1,16,18.875885,26.597138,4.407159
Hook_1498.mtx,parallel,-O3,guided,1,32,111.944628,6.255658,1.036566
Hook_1498.mtx,parallel,-O3,guided,1,64,123.791814,4.208883,0.697414
Hook_1498.mtx,parallel,-O3,guided,10,1,35.42633,10.785295,1.787128
Hook_1498.mtx,parallel,-O3,guided,10,2,20.491743,18.897663,3.131352
Hook_1498.mtx,parallel,-O3,guided,10,4,23.713207,20.427218,3.384799
Hook_1498.mtx,parallel,-O3,guided,10,8,16.5138,28.387764,4.703866
Hook_1498.mtx,parallel,-O3,guided,10,16,16.232205,26.445171,4.381977
Hook_1498.mtx,parallel,-O3,guided,10,32,44.543695,20.672516,3.425446
Hook_1498.mtx,parallel,-O3,guided,10,64,127.196432,3.679835,0.609751
Hook_1498.mtx,parallel,-O3,guided,100,1,47.507143,8.018654,1.328695
Hook_1498.mtx,parallel,-O3,guided,100,2,24.644971,15.48497,2.565867
Hook_1498.mtx,parallel,-O3,guided,100,4,21.223068,23.963909,3.970831
Hook_1498.mtx,parallel,-O3,guided,100,8,16.955734,29.768867,4.932716
Hook_1498.mtx,parallel,-O3,guided,100,16,14.551616,29.396527,4.871019
Hook_1498.mtx,parallel,-O3,guided,100,32,34.105921,17.023678,2.820831
Hook_1498.mtx,parallel,-O3,guided,100,64,130.347538,4.193772,0.694909
Hook_1498.mtx,parallel,-O3,guided,1000,1,42.18514,9.296848,1.540492
Hook_1498.mtx,parallel,-O3,guided,1000,2,31.226111,19.619383,3.250941
Hook_1498.mtx,parallel,-O3,guided,1000,4,21.120572,23.013506,3.813349
Hook_1498.mtx,parallel,-O3,guided,1000,8,18.710685,23.276996,3.85701
Hook_1498.mtx,parallel,-O3,guided,1000,16,20.212364,21.693702,3.594657
Hook_1498.mtx,parallel,-O3,guided,1000,32,93.215394,9.408603,1.55901
Hook_1498.mtx,parallel,-O3,guided,1000,64,117.313123,4.871968,0.807287
Hook_1498.mtx,parallel,-O3,guided,10000,1,39.394307,9.947144,1.648247
Hook_1498.mtx,parallel,-O3,guided,10000,2,37.471509,12.898061,2.137215
Hook_1498.mtx,parallel,-O3,guided,10000,4,23.359227,22.02096,3.648883
Hook_1498.mtx,parallel,-O3,guided,10000,8,19.392872,24.645433,4.08376
Hook_1498.mtx,parallel,-O3,guided,10000,16,18.615604,25.073073,4.15462
Hook_1498.mtx,parallel,-O3,guided,10000,32,84.470463,10.519471,1.743081
Hook_1498.mtx,parallel,-O3,guided,10000,64,240.434027,5.022797,0.83228
msdoor.mtx,parallel,-O3,static,1,1,42.416048,9.496162,1.592535
msdoor.mtx,parallel,-O3,static,1,2,53.455257,5.090348,0.853667
msdoor.mtx,parallel,-O3,static,1,4,48.530579,7.848805,1.316268
msdoor.mtx,parallel,-O3,static,1,8,26.985216,8.378264,1.40506
msdoor.mtx,parallel,-O3,static,1,16,16.971874,11.20597,1.879274
msdoor.mtx,parallel,-O3,static,1,32,7.774043,18.265332,3.06315
msdoor.mtx,parallel,-O3,static,1,64,6.545424,22.708404,3.808267
msdoor.mtx,parallel,-O3,static,10,1,12.524438,10.14564,1.701454
msdoor.mtx,parallel,-O3,static,10,2,22.816038,6.243575,1.047067
msdoor.mtx,parallel,-O3,static,10,4,12.815785,10.357475,1.736979
msdoor.mtx,parallel,-O3,static,10,8,9.23295,15.116929,2.535154
msdoor.mtx,parallel,-O3,static,10,16,6.989193,19.847739,3.328525
msdoor.mtx,parallel,-O3,static,10,32,6.359005,22.784303,3.820995
msdoor.mtx,parallel,-O3,static,10,64,18.144894,21.472263,3.600963
msdoor.mtx,parallel,-O3,static,100,1,18.736076,8.852077,1.48452
msdoor.mtx,parallel,-O3,static,100,2,6.411362,19.622207,3.290702
msdoor.mtx,parallel,-O3,static,100,4,5.613303,24.391804,4.090578
msdoor.mtx,parallel,-O3,static,100,8,4.355216,33.1176,5.55392
msdoor.mtx,parallel,-O3,static,100,16,2.884745,60.833316,10.201928
msdoor.mtx,parallel,-O3,static,100,32,4.235458,79.949914,13.407838
msdoor.mtx,parallel,-O3,static,100,64,36.307263,261.28439,43.818168
msdoor.mtx,parallel,-O3,static,1000,1,19.663286,10.774218,1.806868
msdoor.mtx,parallel,-O3,static,1000,2,10.10487,12.488274,2.094321
msdoor.mtx,parallel,-O3,static,1000,4,5.350756,24.539311,4.115315
msdoor.mtx,parallel,-O3,static,1000,8,3.038216,52.410369,8.789374
msdoor.mtx,parallel,-O3,static,1000,16,2.584481,107.423866,18.015301
msdoor.mtx,parallel,-O3,static,1000,32,2.76153,166.911034,27.991476
msdoor.mtx,parallel,-O3,static,1000,64,22.008872,432.328883,72.502837
msdoor.mtx,parallel,-O3,static,10000,1,19.970775,10.173358,1.706102
msdoor.mtx,parallel,-O3,static,10000,2,9.968066,12.614482,2.115486
msdoor.mtx,parallel,-O3,static,10000,4,21.566582,6.297699,1.056143
msdoor.mtx,parallel,-O3,static,10000,8,3.554534,43.63104,7.317055
msdoor.mtx,parallel,-O3,static,10000,16,2.48065,71.984304,12.071982
msdoor.mtx,parallel,-O3,static,10000,32,2.28157,141.145267,23.670481
msdoor.mtx,parallel,-O3,static,10000,64,3.937197,186.600096,31.29339
msdoor.mtx,parallel,-O3,dynamic,1,1,19.826079,6.382886,1.070429
msdoor.mtx,parallel,-O3,dynamic,1,2,63.185477,2.043264,0.342662
msdoor.mtx,parallel,-O3,dynamic,1,4,55.466986,2.31045,0.387469
msdoor.mtx,parallel,-O3,dynamic,1,8,49.553227,2.549304,0.427526
msdoor.mtx,parallel,-O3,dynamic,1,16,36.31978,3.503573,0.587559
msdoor.mtx,parallel,-O3,dynamic,1,32,30.598927,4.114598,0.69003
msdoor.mtx,parallel,-O3,dynamic,1,64,28.081203,4.420598,0.741347
msdoor.mtx,parallel,-O3,dynamic,10,1,12.332868,10.409524,1.745708
msdoor.mtx,parallel,-O3,dynamic,10,2,27.946687,4.730855,0.793379
msdoor.mtx,parallel,-O3,dynamic,10,4,11.581803,12.006397,2.013509
msdoor.mtx,parallel,-O3,dynamic,10,8,7.726884,18.335516,3.07492
msdoor.mtx,parallel,-O3,dynamic,10,16,6.630564,21.44089,3.5957
msdoor.mtx,parallel,-O3,dynamic,10,32,5.750799,23.059902,3.867214
msdoor.mtx,parallel,-O3,dynamic,10,64,6.864547,26.846682,4.502268
msdoor.mtx,parallel,-O3,dynamic,100,1,19.44263,7.601614,1.274814
msdoor.mtx,parallel,-O3,dynamic,100,2,13.64119,12.749504,2.13813
msdoor.mtx,parallel,-O3,dynamic,100,4,6.116867,21.751663,3.647818
msdoor.mtx,parallel,-O3,dynamic,100,8,5.203175,27.142547,4.551886
msdoor.mtx,parallel,-O3,dynamic,100,16,5.603075,27.416356,4.597805
msdoor.mtx,parallel,-O3,dynamic,100,32,11.857367,24.035668,4.030853
msdoor.mtx,parallel,-O3,dynamic,100,64,42.027879,7.859672,1.31809
msdoor.mtx,parallel,-O3,dynamic,1000,1,11.366844,11.093387,1.860394
msdoor.mtx,parallel,-O3,dynamic,1000,2,6.361556,19.519822,3.273532
msdoor.mtx,parallel,-O3,dynamic,1000,4,6.348514,21.85957,3.665915
msdoor.mtx,parallel,-O3,dynamic,1000,8,5.379414,27.27639,4.574332
msdoor.mtx,parallel,-O3,dynamic,1000,16,4.770159,34.18385,5.732733
msdoor.mtx,parallel,-O3,dynamic,1000,32,11.175633,23.923958,4.012119
msdoor.mtx,parallel,-O3,dynamic,1000,64,47.297716,6.182442,1.036814
msdoor.mtx,parallel,-O3,dynamic,10000,1,11.295605,11.290865,1.893511
msdoor.mtx,parallel,-O3,dynamic,10000,2,5.908823,21.188249,3.553333
msdoor.mtx,parallel,-O3,dynamic,10000,4,6.070495,22.859248,3.833564
msdoor.mtx,parallel,-O3,dynamic,10000,8,4.373813,33.081668,5.547894
msdoor.mtx,parallel,-O3,dynamic,10000,16,4.779363,34.294559,5.751299
msdoor.mtx,parallel,-O3,dynamic,10000,32,8.587026,30.042409,5.038201
msdoor.mtx,parallel,-O3,dynamic,10000,64,23.689651,31.546212,5.290393
msdoor.mtx,parallel,-O3,guided,1,1,11.532307,11.061251,1.855004
msdoor.mtx,parallel,-O3,guided,1,2,9.168816,16.426746,2.754814
msdoor.mtx,parallel,-O3,guided,1,4,5.769253,24.681031,4.139083
msdoor.mtx,parallel,-O3,guided,1,8,4.825425,30.801963,5.16558
msdoor.mtx,parallel,-O3,guided,1,16,4.379725,35.173964,5.898778
msdoor.mtx,parallel,-O3,guided,1,32,13.629555,31.527248,5.287213
msdoor.mtx,parallel,-O3,guided,1,64,41.271401,4.467606,0.749231
msdoor.mtx,parallel,-O3,guided,10,1,11.118388,11.39006,1.910147
msdoor.mtx,parallel,-O3,guided,10,2,9.441114,14.214846,2.383872
msdoor.mtx,parallel,-O3,guided,10,4,6.419754,20.775013,3.484031
msdoor.mtx,parallel,-O3,guided,10,8,4.635716,33.740343,5.658356
msdoor.mtx,parallel,-O3,guided,10,16,4.277634,34.685825,5.816916
msdoor.mtx,parallel,-O3,guided,10,32,16.742563,29.404297,4.931188
msdoor.mtx,parallel,-O3,guided,10,64,49.097657,4.505927,0.755657
msdoor.mtx,parallel,-O3,guided,100,1,11.662793,10.843274,1.818449
msdoor.mtx,parallel,-O3,guided,100,2,9.218311,14.014943,2.350347
msdoor.mtx,parallel,-O3,guided,100,4,6.082392,25.75095,4.318511
msdoor.mtx,parallel,-O3,guided,100,8,4.451346,35.49509,5.952632
msdoor.mtx,parallel,-O3,guided,100,16,4.401112,33.399925,5.601266
msdoor.mtx,parallel,-O3,guided,100,32,9.296942,31.003761,5.199423
msdoor.mtx,parallel,-O3,guided,100,64,44.489336,4.895235,0.820945
msdoor.mtx,parallel,-O3,guided,1000,1,19.302225,6.489183,1.088255
msdoor.mtx,parallel,-O3,guided,1000,2,9.302449,13.926828,2.33557
msdoor.mtx,parallel,-O3,guided,1000,4,5.780483,27.582468,4.625662
msdoor.mtx,parallel,-O3,guided,1000,8,5.083871,32.129405,5.388197
msdoor.mtx,parallel,-O3,guided,1000,16,4.71983,33.56957,5.629717
msdoor.mtx,parallel,-O3,guided,1000,32,14.608932,28.322479,4.749764
msdoor.mtx,parallel,-O3,guided,1000,64,44.646048,4.626206,0.775828
msdoor.mtx,parallel,-O3,guided,10000,1,13.119197,9.741212,1.633631
msdoor.mtx,parallel,-O3,guided,10000,2,6.970668,20.545432,3.44553
msdoor.mtx,parallel,-O3,guided,10000,4,5.992508,24.538925,4.11525
msdoor.mtx,parallel,-O3,guided,10000,8,4.674077,34.075807,5.714614
msdoor.mtx,parallel,-O3,guided,10000,16,4.243708,34.849654,5.84439
msdoor.mtx,parallel,-O3,guided,10000,32,7.728958,30.145973,5.055569
msdoor.mtx,parallel,-O3,guided,10000,64,36.142874,13.612822,2.282911
tmt_sym.mtx,parallel,-O3,static,1,1,5.614137,8.21827,1.037836
tmt_sym.mtx,parallel,-O3,static,1,2,14.618659,4.320302,0.545585
tmt_sym.mtx,parallel,-O3,static,1,4,6.323051,7.629286,0.963457
tmt_sym.mtx,parallel,-O3,static,1,8,6.17776,8.466834,1.069225
tmt_sym.mtx,parallel,-O3,static,1,16,6.49221,7.76384,0.980449
tmt_sym.mtx,parallel,-O3,static,1,32,4.191827,14.179031,1.790585
tmt_sym.mtx,parallel,-O3,static,1,64,2.02787,27.572358,3.481948
tmt_sym.mtx,parallel,-O3,static,10,1,5.607414,8.265813,1.04384
tmt_sym.mtx,parallel,-O3,static,10,2,6.182289,8.9909,1.135407
tmt_sym.mtx,parallel,-O3,static,10,4,5.292892,10.903182,1.376897
tmt_sym.mtx,parallel,-O3,static,10,8,3.403425,16.145616,2.038933
tmt_sym.mtx,parallel,-O3,static,10,16,2.583122,36.47801,4.606589
tmt_sym.mtx,parallel,-O3,static,10,32,1.446438,87.558619,11.057252
tmt_sym.mtx,parallel,-O3,static,10,64,0.859905,115.91391,14.638071
tmt_sym.mtx,parallel,-O3,static,100,1,6.95436,8.21435,1.037341
tmt_sym.mtx,parallel,-O3,static,100,2,5.487156,10.457385,1.3206
tmt_sym.mtx,parallel,-O3,static,100,4,3.135133,21.717202,2.742535
tmt_sym.mtx,parallel,-O3,static,100,8,1.754737,51.26899,6.474453
tmt_sym.mtx,parallel,-O3,static,100,16,1.35808,101.111433,12.768755
tmt_sym.mtx,parallel,-O3,static,100,32,1.158524,124.112609,15.673436
tmt_sym.mtx,parallel,-O3,static,100,64,1.658726,195.795261,24.725807
tmt_sym.mtx,parallel,-O3,static,1000,1,5.608273,8.222544,1.038375
tmt_sym.mtx,parallel,-O3,static,1000,2,4.061627,14.532564,1.83523
tmt_sym.mtx,parallel,-O3,static,1000,4,2.101779,30.506891,3.852532
tmt_sym.mtx,parallel,-O3,static,1000,8,0.998711,60.62357,7.655786
tmt_sym.mtx,parallel,-O3,static,1000,16,0.55418,118.295065,14.938773
tmt_sym.mtx,parallel,-O3,static,1000,32,0.35007,200.314631,25.296532
tmt_sym.mtx,parallel,-O3,static,1000,64,0.748586,317.679304,40.117811
tmt_sym.mtx,parallel,-O3,static,10000,1,5.548811,8.324134,1.051205
tmt_sym.mtx,parallel,-O3,static,10000,2,3.395295,15.95023,2.014259
tmt_sym.mtx,parallel,-O3,static,10000,4,1.754761,32.325355,4.082175
tmt_sym.mtx,parallel,-O3,static,10000,8,0.861335,60.9145,7.692527
tmt_sym.mtx,parallel,-O3,static,10000,16,0.509167,112.172553,14.165598
tmt_sym.mtx,parallel,-O3,static,10000,32,0.305366,179.153323,22.624197
tmt_sym.mtx,parallel,-O3,static,10000,64,0.476122,245.879588,31.050656
tmt_sym.mtx,parallel,-O3,dynamic,1,1,16.029238,2.891199,0.365112
tmt_sym.mtx,parallel,-O3,dynamic,1,2,99.690652,0.502759,0.06349
tmt_sym.mtx,parallel,-O3,dynamic,1,4,95.785976,0.575383,0.072662
tmt_sym.mtx,parallel,-O3,dynamic,1,8,75.3968,0.613978,0.077536
tmt_sym.mtx,parallel,-O3,dynamic,1,16,59.960079,0.771329,0.097407
tmt_sym.mtx,parallel,-O3,dynamic,1,32,54.399156,0.852091,0.107605
tmt_sym.mtx,parallel,-O3,dynamic,1,64,50.883365,0.912611,0.115248
tmt_sym.mtx,parallel,-O3,dynamic,10,1,6.981134,6.701309,0.846268
tmt_sym.mtx,parallel,-O3,dynamic,10,2,27.654696,2.430869,0.30698
tmt_sym.mtx,parallel,-O3,dynamic,10,4,10.83982,4.427262,0.559092
tmt_sym.mtx,parallel,-O3,dynamic,10,8,8.950782,5.221876,0.659439
tmt_sym.mtx,parallel,-O3,dynamic,10,16,6.057834,7.730177,0.976198
tmt_sym.mtx,parallel,-O3,dynamic,10,32,5.050683,9.281454,1.172099
tmt_sym.mtx,parallel,-O3,dynamic,10,64,4.627896,10.00456,1.263416
tmt_sym.mtx,parallel,-O3,dynamic,100,1,5.700684,8.11889,1.025286
tmt_sym.mtx,parallel,-O3,dynamic,100,2,8.296752,9.776208,1.234578
tmt_sym.mtx,parallel,-O3,dynamic,100,4,3.560352,16.390421,2.069848
tmt_sym.mtx,parallel,-O3,dynamic,100,8,2.448893,30.290037,3.825147
tmt_sym.mtx,parallel,-O3,dynamic,100,16,1.964879,53.213913,6.720065
tmt_sym.mtx,parallel,-O3,dynamic,100,32,1.848889,56.641027,7.152855
tmt_sym.mtx,parallel,-O3,dynamic,100,64,6.283832,62.819942,7.933153
tmt_sym.mtx,parallel,-O3,dynamic,1000,1,5.591035,8.246978,1.041461
tmt_sym.mtx,parallel,-O3,dynamic,1000,2,16.797948,9.484501,1.197741
tmt_sym.mtx,parallel,-O3,dynamic,1000,4,2.437854,23.313576,2.944131
tmt_sym.mtx,parallel,-O3,dynamic,1000,8,1.929235,39.971924,5.047814
tmt_sym.mtx,parallel,-O3,dynamic,1000,16,2.01242,63.594257,8.030937
tmt_sym.mtx,parallel,-O3,dynamic,1000,32,3.022456,71.225714,8.994667
tmt_sym.mtx,parallel,-O3,dynamic,1000,64,11.732412,69.310848,8.752851
tmt_sym.mtx,parallel,-O3,dynamic,10000,1,5.95026,7.752856,0.979061
tmt_sym.mtx,parallel,-O3,dynamic,10000,2,15.888858,7.271945,0.91833
tmt_sym.mtx,parallel,-O3,dynamic,10000,4,2.112794,27.868083,3.519293
tmt_sym.mtx,parallel,-O3,dynamic,10000,8,1.812935,51.79827,6.541292
tmt_sym.mtx,parallel,-O3,dynamic,10000,16,1.620364,92.235922,11.64792
tmt_sym.mtx,parallel,-O3,dynamic,10000,32,3.059125,78.821384,9.953879
tmt_sym.mtx,parallel,-O3,dynamic,10000,64,14.994192,61.629892,7.782869
tmt_sym.mtx,parallel,-O3,guided,1,1,5.611562,8.223039,1.038438
tmt_sym.mtx,parallel,-O3,guided,1,2,5.466032,14.098439,1.780407
tmt_sym.mtx,parallel,-O3,guided,1,4,1.894879,27.619528,3.487905
tmt_sym.mtx,parallel,-O3,guided,1,8,1.639366,46.993196,5.934489
tmt_sym.mtx,parallel,-O3,guided,1,16,1.64938,62.135567,7.846727
tmt_sym.mtx,parallel,-O3,guided,1,32,3.938985,83.152687,10.500853
tmt_sym.mtx,parallel,-O3,guided,1,64,12.719822,68.372049,8.634295
tmt_sym.mtx,parallel,-O3,guided,10,1,5.790282,8.082286,1.020663
tmt_sym.mtx,parallel,-O3,guided,10,2,3.42784,16.588431,2.094853
tmt_sym.mtx,parallel,-O3,guided,10,4,1.782012,29.550683,3.731779
tmt_sym.mtx,parallel,-O3,guided,10,8,1.517415,58.112926,7.338732
tmt_sym.mtx,parallel,-O3,guided,10,16,1.625443,78.584465,9.92396
tmt_sym.mtx,parallel,-O3,guided,10,32,3.06809,100.466316,12.687288
tmt_sym.mtx,parallel,-O3,guided,10,64,16.489434,94.17198,11.892414
tmt_sym.mtx,parallel,-O3,guided,100,1,5.624438,8.2082,1.036564
tmt_sym.mtx,parallel,-O3,guided,100,2,3.313756,14.773671,1.865678
tmt_sym.mtx,parallel,-O3,guided,100,4,1.932334,29.928944,3.779546
tmt_sym.mtx,parallel,-O3,guided,100,8,1.483583,52.348297,6.610752
tmt_sym.mtx,parallel,-O3,guided,100,16,1.591754,69.451853,8.770658
tmt_sym.mtx,parallel,-O3,guided,100,32,8.878374,67.214508,8.488116
tmt_sym.mtx,parallel,-O3,guided,100,64,14.097571,65.097813,8.220811
tmt_sym.mtx,parallel,-O3,guided,1000,1,5.902028,8.03773,1.015037
tmt_sym.mtx,parallel,-O3,guided,1000,2,3.924274,15.739515,1.987649
tmt_sym.mtx,parallel,-O3,guided,1000,4,2.050638,28.157516,3.555844
tmt_sym.mtx,parallel,-O3,guided,1000,8,1.679611,54.313142,6.85888
tmt_sym.mtx,parallel,-O3,guided,1000,16,1.478576,63.064922,7.96409
tmt_sym.mtx,parallel,-O3,guided,1000,32,3.344774,82.114735,10.369777
tmt_sym.mtx,parallel,-O3,guided,1000,64,15.872264,84.851652,10.715406
tmt_sym.mtx,parallel,-O3,guided,10000,1,5.602861,8.256195,1.042626
tmt_sym.mtx,parallel,-O3,guided,10000,2,3.29802,15.239521,1.924508
tmt_sym.mtx,parallel,-O3,guided,10000,4,1.992869,30.468341,3.847664
tmt_sym.mtx,parallel,-O3,guided,10000,8,1.637078,46.445823,5.865364
tmt_sym.mtx,parallel,-O3,guided,10000,16,1.691532,62.425162,7.883299
tmt_sym.mtx,parallel,-O3,guided,10000,32,2.297854,87.816937,11.089873
tmt_sym.mtx,parallel,-O3,guided,10000,64,13.669777,84.377209,10.65549
